,datetime,symbol,open,high,low,close,volume,change (%),last day change (%)
0,2022-04-13,NSE:HARIOMPIPE,220.0,231.0,215.2,231.0,3807527.0,,
1,2022-04-18,NSE:HARIOMPIPE,242.55,242.55,235.64999,242.55,2037740.0,5.000000000000005,
2,2022-04-19,NSE:HARIOMPIPE,244.89999,245.0,230.45,230.45,389707.0,-4.988662131519284,5.000000000000005
3,2022-04-20,NSE:HARIOMPIPE,218.95,218.95,218.95,218.95,35723.0,-4.990236493816446,-4.988662131519284
4,2022-04-21,NSE:HARIOMPIPE,208.05,229.0,208.05,221.7,1628271.0,1.2559945192966433,-4.990236493816446
5,2022-04-22,NSE:HARIOMPIPE,210.64999,216.95,210.64999,211.35001,765352.0,-4.668466396030668,1.2559945192966433
6,2022-04-25,NSE:HARIOMPIPE,203.0,211.25,200.8,207.0,618582.0,-2.0582019371562827,-4.668466396030668
7,2022-04-26,NSE:HARIOMPIPE,203.55,206.95,197.0,200.55,361715.0,-3.115942028985502,-2.0582019371562827
8,2022-04-27,NSE:HARIOMPIPE,194.5,210.55,193.05,210.55,266365.0,4.9862877088007975,-3.115942028985502
9,2022-04-28,NSE:HARIOMPIPE,221.05,221.05,221.05,221.05,79480.0,4.986938969365946,4.9862877088007975
10,2022-04-29,NSE:HARIOMPIPE,229.89999,231.0,206.25,219.60001,1527428.0,-0.6559556661388888,4.986938969365946
11,2022-05-02,NSE:HARIOMPIPE,214.05,230.8,210.0,221.89999,613993.0,1.0473496790824395,-0.6559556661388888
12,2022-05-04,NSE:HARIOMPIPE,225.0,228.45,210.0,212.25,421447.0,-4.34880145780989,1.0473496790824395
13,2022-05-05,NSE:HARIOMPIPE,219.0,222.55,214.5,216.45,330999.0,1.9787985865724327,-4.34880145780989
14,2022-05-06,NSE:HARIOMPIPE,212.0,215.2,206.95,214.14999,339976.0,-1.0626056826056762,1.9787985865724327
15,2022-05-09,NSE:HARIOMPIPE,217.5,223.75,210.64999,214.2,663517.0,0.023352791190878002,-1.0626056826056762
16,2022-05-10,NSE:HARIOMPIPE,212.60001,220.95,193.3,199.25,637407.0,-6.97945845004668,0.023352791190878002
17,2022-05-11,NSE:HARIOMPIPE,202.0,203.0,169.10001,194.8,949146.0,-2.2333751568381373,-6.97945845004668
18,2022-05-12,NSE:HARIOMPIPE,195.0,197.95,186.35001,192.35001,307116.0,-1.2576950718685902,-2.2333751568381373
19,2022-05-13,NSE:HARIOMPIPE,199.0,201.60001,190.0,193.10001,232807.0,0.38991419860076953,-1.2576950718685902
20,2022-05-16,NSE:HARIOMPIPE,196.45,210.7,193.35001,205.55,531720.0,6.4474310488124855,0.38991419860076953
21,2022-05-17,NSE:HARIOMPIPE,209.7,210.0,204.35001,209.25,250992.0,1.8000486499635069,6.4474310488124855
22,2022-05-18,NSE:HARIOMPIPE,210.0,218.8,205.64999,208.3,464261.0,-0.45400238948625504,1.8000486499635069
23,2022-05-19,NSE:HARIOMPIPE,195.0,207.3,195.0,203.0,232555.0,-2.5444071051368273,-0.45400238948625504
24,2022-05-20,NSE:HARIOMPIPE,205.05,227.8,204.2,214.2,910709.0,5.517241379310339,-2.5444071051368273
25,2022-05-23,NSE:HARIOMPIPE,219.89999,223.5,212.0,214.7,375559.0,0.2334267040149393,5.517241379310339
26,2022-05-24,NSE:HARIOMPIPE,220.0,224.8,211.14999,214.5,417561.0,-0.09315323707498308,0.2334267040149393
27,2022-05-25,NSE:HARIOMPIPE,218.0,221.2,198.55,200.25,361409.0,-6.643356643356643,-0.09315323707498308
28,2022-05-26,NSE:HARIOMPIPE,202.14999,213.0,192.0,202.8,295042.0,1.2734082397003803,-6.643356643356643
29,2022-05-27,NSE:HARIOMPIPE,206.0,211.3,203.2,208.5,260935.0,2.8106508875739586,1.2734082397003803
30,2022-05-30,NSE:HARIOMPIPE,211.89999,219.89999,209.5,211.55,377398.0,1.4628297362110365,2.8106508875739586
31,2022-05-31,NSE:HARIOMPIPE,212.35001,213.5,191.39999,202.0,191177.0,-4.514299220042548,1.4628297362110365
32,2022-06-01,NSE:HARIOMPIPE,206.05,209.95,201.39999,203.5,137768.0,0.7425742574257426,-4.514299220042548
33,2022-06-02,NSE:HARIOMPIPE,204.95,216.55,201.5,209.25,489618.0,2.8255528255528257,0.7425742574257426
34,2022-06-03,NSE:HARIOMPIPE,211.89999,213.3,205.0,206.35001,149495.0,-1.3858972520908017,2.8255528255528257
35,2022-06-06,NSE:HARIOMPIPE,206.10001,209.05,202.35001,205.95,95498.0,-0.1938502450278577,-1.3858972520908017
36,2022-06-07,NSE:HARIOMPIPE,206.0,209.10001,201.7,202.85001,196198.0,-1.5052148579752325,-0.1938502450278577
37,2022-06-08,NSE:HARIOMPIPE,203.95,205.60001,200.85001,201.8,110734.0,-0.5176287642283016,-1.5052148579752325
38,2022-06-09,NSE:HARIOMPIPE,202.0,203.55,199.10001,201.45,124070.0,-0.17343904856294484,-0.5176287642283016
39,2022-06-10,NSE:HARIOMPIPE,201.45,202.39999,198.0,199.10001,70604.0,-1.166537602382721,-0.17343904856294484
40,2022-06-13,NSE:HARIOMPIPE,191.0,199.3,190.0,191.35001,189686.0,-3.8925161279499685,-1.166537602382721
41,2022-06-14,NSE:HARIOMPIPE,191.5,198.7,191.39999,194.75,156378.0,1.7768433876747654,-3.8925161279499685
42,2022-06-15,NSE:HARIOMPIPE,197.0,198.0,190.25,193.39999,73588.0,-0.6932015404364558,1.7768433876747654
43,2022-06-16,NSE:HARIOMPIPE,196.0,198.2,187.45,189.64999,216869.0,-1.9389866566177174,-0.6932015404364558
44,2022-06-17,NSE:HARIOMPIPE,189.0,192.0,185.0,185.60001,106874.0,-2.135502353572497,-1.9389866566177174
45,2022-06-20,NSE:HARIOMPIPE,187.0,188.95,180.0,181.89999,314828.0,-1.9935451512098492,-2.135502353572497
46,2022-06-21,NSE:HARIOMPIPE,180.5,190.0,180.5,188.45,105215.0,3.600885299663835,-1.9935451512098492
47,2022-06-22,NSE:HARIOMPIPE,189.0,189.0,183.60001,186.14999,57703.0,-1.2204881931546758,3.600885299663835
48,2022-06-23,NSE:HARIOMPIPE,184.0,194.0,184.0,188.3,83541.0,1.1549879750195038,-1.2204881931546758
49,2022-06-24,NSE:HARIOMPIPE,188.89999,194.7,187.05,191.55,249897.0,1.725969198088157,1.1549879750195038
50,2022-06-27,NSE:HARIOMPIPE,190.60001,198.60001,190.60001,195.7,94061.0,2.166536152440604,1.725969198088157
51,2022-06-28,NSE:HARIOMPIPE,192.05,199.0,192.05,197.35001,94564.0,0.8431323454266779,2.166536152440604
52,2022-06-29,NSE:HARIOMPIPE,196.5,198.39999,190.0,191.2,84890.0,-3.11629576304557,0.8431323454266779
53,2022-06-30,NSE:HARIOMPIPE,191.2,194.75,190.2,191.45,48445.0,0.13075313807531383,-3.11629576304557
54,2022-07-01,NSE:HARIOMPIPE,190.0,193.75,187.95,192.8,68687.0,0.7051449464612289,0.13075313807531383
55,2022-07-04,NSE:HARIOMPIPE,194.8,200.64999,192.05,194.35001,119163.0,0.8039470954356774,0.7051449464612289
56,2022-07-05,NSE:HARIOMPIPE,200.0,206.0,194.39999,198.0,268075.0,1.878049813323911,0.8039470954356774
57,2022-07-06,NSE:HARIOMPIPE,197.0,200.89999,194.55,196.45,119403.0,-0.7828282828282885,1.878049813323911
58,2022-07-07,NSE:HARIOMPIPE,196.5,203.05,196.5,199.8,103287.0,1.7052685161618848,-0.7828282828282885
59,2022-07-08,NSE:HARIOMPIPE,201.0,203.35001,198.0,198.55,61995.0,-0.6256256256256256,1.7052685161618848
60,2022-07-11,NSE:HARIOMPIPE,200.0,203.5,197.10001,200.2,152086.0,0.8310249307479108,-0.6256256256256256
61,2022-07-12,NSE:HARIOMPIPE,199.89999,216.75,199.14999,207.7,478588.0,3.746253746253746,0.8310249307479108
62,2022-07-13,NSE:HARIOMPIPE,208.25,214.0,206.25,208.0,164761.0,0.14443909484834444,3.746253746253746
63,2022-07-14,NSE:HARIOMPIPE,208.0,210.95,199.10001,203.89999,152049.0,-1.9711586538461525,0.14443909484834444
64,2022-07-15,NSE:HARIOMPIPE,207.0,212.0,201.8,209.14999,160444.0,2.574791690769578,-1.9711586538461525
65,2022-07-18,NSE:HARIOMPIPE,210.95,212.55,207.3,210.10001,117824.0,0.45422904395070496,2.574791690769578
66,2022-07-19,NSE:HARIOMPIPE,211.0,211.0,206.0,208.60001,84780.0,-0.7139457061425176,0.45422904395070496
67,2022-07-20,NSE:HARIOMPIPE,210.89999,216.0,206.5,207.7,123324.0,-0.43145252006460066,-0.7139457061425176
68,2022-07-21,NSE:HARIOMPIPE,208.0,219.0,207.2,217.2,257097.0,4.5739046701974,-0.43145252006460066
69,2022-07-22,NSE:HARIOMPIPE,218.2,218.8,212.05,213.64999,131728.0,-1.634442909760583,4.5739046701974
70,2022-07-25,NSE:HARIOMPIPE,211.0,217.64999,205.45,213.35001,147760.0,-0.14040721462238542,-1.634442909760583
71,2022-07-26,NSE:HARIOMPIPE,211.10001,222.7,210.0,215.25,300420.0,0.8905506964822747,-0.14040721462238542
72,2022-07-27,NSE:HARIOMPIPE,219.89999,220.05,212.0,215.64999,156508.0,0.1858257839721266,0.8905506964822747
73,2022-07-28,NSE:HARIOMPIPE,215.3,223.95,211.10001,213.89999,149368.0,-0.8115001535590147,0.1858257839721266
74,2022-07-29,NSE:HARIOMPIPE,213.89999,226.0,213.60001,223.25,611801.0,4.3712063754654675,-0.8115001535590147
75,2022-08-01,NSE:HARIOMPIPE,224.89999,226.3,217.45,219.55,217945.0,-1.6573348264277663,4.3712063754654675
76,2022-08-02,NSE:HARIOMPIPE,221.60001,221.75,215.0,216.10001,123779.0,-1.5713914825780069,-1.6573348264277663
77,2022-08-03,NSE:HARIOMPIPE,217.95,217.95,209.10001,210.64999,261194.0,-2.5219897028232414,-1.5713914825780069
78,2022-08-04,NSE:HARIOMPIPE,213.0,214.45,206.5,211.64999,127179.0,0.4747211238889686,-2.5219897028232414
79,2022-08-05,NSE:HARIOMPIPE,214.8,217.5,210.2,211.39999,122114.0,-0.11811954255230533,0.4747211238889686
80,2022-08-08,NSE:HARIOMPIPE,210.0,216.85001,209.89999,215.10001,125880.0,1.7502460619794706,-0.11811954255230533
81,2022-08-10,NSE:HARIOMPIPE,219.0,224.0,211.3,221.64999,250327.0,3.0450858649425467,1.7502460619794706
82,2022-08-11,NSE:HARIOMPIPE,216.0,239.0,213.0,229.5,965432.0,3.541624342053883,3.0450858649425467
83,2022-08-12,NSE:HARIOMPIPE,232.0,252.5,230.0,249.55,1021381.0,8.7363834422658,3.541624342053883
84,2022-08-16,NSE:HARIOMPIPE,256.0,275.0,252.0,257.14999,1474282.0,3.0454778601482633,8.7363834422658
85,2022-08-17,NSE:HARIOMPIPE,257.14999,265.0,253.5,261.89999,415585.0,1.8471709837515453,3.0454778601482633
86,2022-08-18,NSE:HARIOMPIPE,260.0,262.70001,254.0,260.60001,282616.0,-0.4963650437710994,1.8471709837515453
87,2022-08-19,NSE:HARIOMPIPE,258.5,281.0,256.79999,267.64999,970046.0,2.7052876935806736,-0.4963650437710994
88,2022-08-22,NSE:HARIOMPIPE,267.5,267.5,258.79999,261.64999,202840.0,-2.241733691079159,2.7052876935806736
89,2022-08-23,NSE:HARIOMPIPE,258.85001,283.0,258.85001,277.20001,467480.0,5.943061568624565,-2.241733691079159
90,2022-08-24,NSE:HARIOMPIPE,277.10001,287.89999,275.0,277.39999,474103.0,0.07214285454029466,5.943061568624565
91,2022-08-25,NSE:HARIOMPIPE,281.60001,286.79999,272.10001,273.54999,238188.0,-1.3878875770687744,0.07214285454029466
92,2022-08-26,NSE:HARIOMPIPE,274.95001,278.0,263.79999,269.20001,157115.0,-1.5901956348088184,-1.3878875770687744
93,2022-08-29,NSE:HARIOMPIPE,257.0,282.0,257.0,277.25,308264.0,2.9903379275505895,-1.5901956348088184
94,2022-08-30,NSE:HARIOMPIPE,280.0,284.0,272.0,273.89999,224831.0,-1.2082993688007204,2.9903379275505895
95,2022-09-01,NSE:HARIOMPIPE,276.0,277.45001,268.0,269.20001,153463.0,-1.7159474887165866,-1.2082993688007204
96,2022-09-02,NSE:HARIOMPIPE,270.04999,279.14999,269.79999,273.75,158069.0,1.6901893874372365,-1.7159474887165866
97,2022-09-05,NSE:HARIOMPIPE,275.25,277.85001,269.0,272.64999,186647.0,-0.40183013698630043,1.6901893874372365
98,2022-09-06,NSE:HARIOMPIPE,275.0,286.39999,271.04999,274.95001,257276.0,0.8435797118496199,-0.40183013698630043
99,2022-09-07,NSE:HARIOMPIPE,275.0,283.60001,271.0,279.95001,157906.0,1.8185123906705802,0.8435797118496199
100,2022-09-08,NSE:HARIOMPIPE,283.10001,296.04999,278.20001,292.25,602676.0,4.393637992725908,1.8185123906705802
101,2022-09-09,NSE:HARIOMPIPE,295.0,305.5,285.85001,289.35001,524584.0,-0.9922976903336194,4.393637992725908
102,2022-09-12,NSE:HARIOMPIPE,289.79999,291.89999,280.95001,282.5,221755.0,-2.36737852540596,-0.9922976903336194
103,2022-09-13,NSE:HARIOMPIPE,285.04999,292.0,280.0,281.45001,182410.0,-0.3716778761061875,-2.36737852540596
104,2022-09-14,NSE:HARIOMPIPE,279.45001,281.85001,273.5,275.14999,141041.0,-2.2384152695535584,-0.3716778761061875
105,2022-09-15,NSE:HARIOMPIPE,279.5,284.5,278.0,282.14999,204149.0,2.5440669650760297,-2.2384152695535584
106,2022-09-16,NSE:HARIOMPIPE,281.89999,283.0,258.04999,266.70001,379314.0,-5.475803844614697,2.5440669650760297
107,2022-09-19,NSE:HARIOMPIPE,268.79999,273.70001,260.60001,267.29999,180344.0,0.2249643710174437,-5.475803844614697
108,2022-09-20,NSE:HARIOMPIPE,270.04999,278.0,270.04999,276.39999,111339.0,3.404414642888697,0.2249643710174437
109,2022-09-21,NSE:HARIOMPIPE,275.89999,282.35001,265.79999,267.5,164456.0,-3.219967554991591,3.404414642888697
110,2022-09-22,NSE:HARIOMPIPE,269.0,274.35001,256.89999,263.10001,208945.0,-1.644856074766356,-3.219967554991591
111,2022-09-23,NSE:HARIOMPIPE,261.10001,267.64999,250.64999,253.95,182875.0,-3.4777687769757244,-1.644856074766356
112,2022-09-26,NSE:HARIOMPIPE,252.39999,262.0,247.05,258.10001,293632.0,1.6341838944674183,-3.4777687769757244
113,2022-09-27,NSE:HARIOMPIPE,263.89999,263.95001,249.2,252.85001,163843.0,-2.0340952330842605,1.6341838944674183
114,2022-09-28,NSE:HARIOMPIPE,255.85001,257.60001,250.55,254.10001,90522.0,0.4943642280259352,-2.0340952330842605
115,2022-09-29,NSE:HARIOMPIPE,258.35001,262.89999,249.60001,256.64999,112193.0,1.003534002222198,0.4943642280259352
116,2022-09-30,NSE:HARIOMPIPE,256.64999,260.0,251.5,257.29999,91679.0,0.2532632087770497,1.003534002222198
117,2022-10-03,NSE:HARIOMPIPE,258.0,259.85001,248.25,250.64999,131080.0,-2.5845317755356216,0.2532632087770497
118,2022-10-04,NSE:HARIOMPIPE,254.0,270.0,254.0,264.75,232128.0,5.625378241587002,-2.5845317755356216
119,2022-10-06,NSE:HARIOMPIPE,266.64999,283.29999,266.64999,280.20001,352203.0,5.835697828139763,5.625378241587002
120,2022-10-07,NSE:HARIOMPIPE,280.45001,288.79999,276.35001,283.89999,241089.0,1.3204781827095515,5.835697828139763
121,2022-10-10,NSE:HARIOMPIPE,280.0,287.0,276.0,282.10001,120070.0,-0.634019043114445,1.3204781827095515
122,2022-10-11,NSE:HARIOMPIPE,282.0,284.0,273.14999,277.5,137809.0,-1.6306309241180095,-0.634019043114445
123,2022-10-12,NSE:HARIOMPIPE,279.60001,279.60001,269.0,272.39999,108574.0,-1.8378414414414406,-1.6306309241180095
124,2022-10-13,NSE:HARIOMPIPE,274.89999,277.0,265.0,266.64999,72156.0,-2.1108664504723365,-1.8378414414414406
125,2022-10-14,NSE:HARIOMPIPE,272.75,274.89999,260.0,260.89999,80866.0,-2.1563848549178646,-2.1108664504723365
126,2022-10-17,NSE:HARIOMPIPE,260.89999,276.0,256.29999,273.35001,143833.0,4.771951121960562,-2.1563848549178646
127,2022-10-18,NSE:HARIOMPIPE,276.0,282.0,274.10001,275.39999,97615.0,0.7499469270185888,4.771951121960562
128,2022-10-19,NSE:HARIOMPIPE,277.35001,281.0,271.35001,274.14999,66797.0,-0.4538852742877732,0.7499469270185888
129,2022-10-20,NSE:HARIOMPIPE,272.70001,288.60001,269.39999,286.54999,151395.0,4.523071476311189,-0.4538852742877732
130,2022-10-21,NSE:HARIOMPIPE,288.70001,297.0,282.10001,285.20001,380580.0,-0.4711150050990962,4.523071476311189
131,2022-10-24,NSE:HARIOMPIPE,289.89999,298.20001,289.85001,293.60001,132025.0,2.9453014395055517,-0.4711150050990962
132,2022-10-25,NSE:HARIOMPIPE,295.79999,295.79999,281.20001,284.25,97185.0,-3.1846082021591204,2.9453014395055517
133,2022-10-27,NSE:HARIOMPIPE,284.25,291.64999,282.54999,284.60001,92590.0,0.12313456464379859,-3.1846082021591204
134,2022-10-28,NSE:HARIOMPIPE,288.0,288.5,274.0,276.20001,72806.0,-2.9515107887733305,0.12313456464379859
135,2022-10-31,NSE:HARIOMPIPE,278.29999,282.0,275.0,278.54999,81363.0,0.8508254579715473,-2.9515107887733305
136,2022-11-01,NSE:HARIOMPIPE,280.5,281.64999,272.0,273.64999,81900.0,-1.759109738255592,0.8508254579715473
137,2022-11-02,NSE:HARIOMPIPE,275.20001,275.64999,268.0,269.54999,78151.0,-1.4982642608538093,-1.759109738255592
138,2022-11-03,NSE:HARIOMPIPE,269.54999,275.64999,268.39999,271.75,117070.0,0.8161788468254145,-1.4982642608538093
139,2022-11-04,NSE:HARIOMPIPE,274.10001,280.5,271.39999,276.29999,58474.0,1.6743293468261196,0.8161788468254145
140,2022-11-07,NSE:HARIOMPIPE,278.64999,279.70001,269.20001,271.70001,98151.0,-1.6648498611961442,1.6743293468261196
141,2022-11-09,NSE:HARIOMPIPE,273.70001,279.54999,271.60001,274.95001,67193.0,1.196172204778351,-1.6648498611961442
142,2022-11-10,NSE:HARIOMPIPE,273.60001,301.0,270.0,293.95001,350216.0,6.910347084548205,1.196172204778351
143,2022-11-11,NSE:HARIOMPIPE,304.95001,309.0,290.10001,293.20001,429924.0,-0.25514542421685915,6.910347084548205
144,2022-11-14,NSE:HARIOMPIPE,293.20001,302.70001,275.10001,277.10001,231534.0,-5.491132145595773,-0.25514542421685915
145,2022-11-15,NSE:HARIOMPIPE,278.89999,282.10001,268.14999,271.10001,158841.0,-2.1652832130897433,-5.491132145595773
146,2022-11-16,NSE:HARIOMPIPE,273.0,273.0,263.04999,264.35001,190249.0,-2.4898560498024325,-2.1652832130897433
147,2022-11-17,NSE:HARIOMPIPE,264.95001,286.79999,260.0,283.75,271101.0,7.338751377387881,-2.4898560498024325
148,2022-11-18,NSE:HARIOMPIPE,285.5,285.5,273.35001,278.64999,78882.0,-1.7973603524229067,7.338751377387881
149,2022-11-21,NSE:HARIOMPIPE,277.70001,277.70001,264.0,270.20001,92125.0,-3.03247095038474,-1.7973603524229067
150,2022-11-22,NSE:HARIOMPIPE,271.35001,276.89999,266.0,270.5,78077.0,0.11102516243429442,-3.03247095038474
151,2022-11-23,NSE:HARIOMPIPE,271.85001,279.0,270.5,277.10001,107080.0,2.4399297597042504,0.11102516243429442
152,2022-11-24,NSE:HARIOMPIPE,280.0,291.79999,280.0,285.5,177666.0,3.031392889520286,2.4399297597042504
153,2022-11-25,NSE:HARIOMPIPE,288.75,319.89999,288.75,313.54999,1322536.0,9.824865148861639,3.031392889520286
154,2022-11-28,NSE:HARIOMPIPE,323.5,336.64999,319.0,334.10001,1063993.0,6.553985219390382,9.824865148861639
155,2022-11-29,NSE:HARIOMPIPE,335.79999,336.0,310.85001,314.39999,333301.0,-5.896444001902303,6.553985219390382
156,2022-11-30,NSE:HARIOMPIPE,314.39999,324.45001,307.0,316.29999,360840.0,0.6043257189670957,-5.896444001902303
157,2022-12-01,NSE:HARIOMPIPE,317.89999,333.0,317.85001,331.0,257528.0,4.64748987187765,0.6043257189670957
158,2022-12-02,NSE:HARIOMPIPE,332.70001,352.39999,324.04999,340.45001,616954.0,2.854987915407861,4.64748987187765
159,2022-12-05,NSE:HARIOMPIPE,342.0,349.89999,340.0,341.5,255143.0,0.30841238630011486,2.854987915407861
160,2022-12-06,NSE:HARIOMPIPE,341.5,342.5,334.25,337.25,108188.0,-1.2445095168374818,0.30841238630011486
161,2022-12-07,NSE:HARIOMPIPE,338.0,365.64999,335.95001,362.29999,858449.0,7.427721275018525,-1.2445095168374818
162,2022-12-08,NSE:HARIOMPIPE,364.10001,369.0,355.25,359.39999,433358.0,-0.8004416450577262,7.427721275018525
163,2022-12-09,NSE:HARIOMPIPE,361.85001,366.14999,345.60001,358.89999,249901.0,-0.1391207606878342,-0.8004416450577262
164,2022-12-12,NSE:HARIOMPIPE,354.0,373.79999,348.04999,367.95001,445168.0,2.521599401549166,-0.1391207606878342
165,2022-12-13,NSE:HARIOMPIPE,365.14999,369.45001,351.25,357.25,184354.0,-2.9080064435927095,2.521599401549166
166,2022-12-14,NSE:HARIOMPIPE,362.0,368.5,357.45001,362.54999,218591.0,1.4835521343596865,-2.9080064435927095
167,2022-12-15,NSE:HARIOMPIPE,365.0,365.0,348.5,350.20001,195121.0,-3.4064212772423357,1.4835521343596865
168,2022-12-16,NSE:HARIOMPIPE,350.39999,352.79999,338.0,339.60001,211358.0,-3.026841718251242,-3.4064212772423357
169,2022-12-19,NSE:HARIOMPIPE,339.95001,348.0,336.54999,345.0,165890.0,1.5901030156035632,-3.026841718251242
170,2022-12-20,NSE:HARIOMPIPE,344.95001,349.89999,341.5,347.45001,133253.0,0.7101478260869624,1.5901030156035632
171,2022-12-21,NSE:HARIOMPIPE,349.5,355.70001,310.85001,323.60001,283116.0,-6.864296823591981,0.7101478260869624
172,2022-12-22,NSE:HARIOMPIPE,327.70001,337.0,315.0,329.10001,294230.0,1.6996291192945268,-6.864296823591981
173,2022-12-23,NSE:HARIOMPIPE,329.0,329.0,290.0,300.95001,319095.0,-8.553630855252777,1.6996291192945268
174,2022-12-26,NSE:HARIOMPIPE,318.70001,332.89999,303.85001,330.70001,341338.0,9.885362688640548,-8.553630855252777
175,2022-12-27,NSE:HARIOMPIPE,325.0,348.70001,322.5,342.95001,246982.0,3.7042635710836533,9.885362688640548
176,2022-12-28,NSE:HARIOMPIPE,350.0,403.54999,350.0,367.04999,4311811.0,7.02725741282234,3.7042635710836533
177,2022-12-29,NSE:HARIOMPIPE,372.29999,374.79999,355.0,357.79999,990077.0,-2.5200926990898433,7.02725741282234
178,2022-12-30,NSE:HARIOMPIPE,363.20001,374.0,350.5,359.60001,856892.0,0.5030799469837933,-2.5200926990898433
179,2023-01-02,NSE:HARIOMPIPE,363.95001,370.0,355.39999,358.85001,499388.0,-0.20856506650264,0.5030799469837933
180,2023-01-03,NSE:HARIOMPIPE,360.0,371.39999,356.39999,359.10001,586889.0,0.06966698983789912,-0.20856506650264
181,2023-01-04,NSE:HARIOMPIPE,361.95001,362.54999,350.5,354.85001,214857.0,-1.1835143084512862,0.06966698983789912
182,2023-01-05,NSE:HARIOMPIPE,357.45001,362.5,347.14999,349.85001,233596.0,-1.4090460360984631,-1.1835143084512862
183,2023-01-06,NSE:HARIOMPIPE,351.45001,353.75,342.0,344.70001,149632.0,-1.4720594119748567,-1.4090460360984631
184,2023-01-09,NSE:HARIOMPIPE,347.45001,352.89999,336.0,339.29999,191834.0,-1.5665853911637657,-1.4720594119748567
185,2023-01-10,NSE:HARIOMPIPE,336.5,351.79999,329.79999,348.64999,448715.0,2.7556735265450563,-1.5665853911637657
186,2023-01-11,NSE:HARIOMPIPE,348.5,361.0,337.64999,341.20001,329589.0,-2.136807748079953,2.7556735265450563
187,2023-01-12,NSE:HARIOMPIPE,338.64999,346.70001,337.04999,340.70001,250065.0,-0.1465416135245717,-2.136807748079953
188,2023-01-13,NSE:HARIOMPIPE,341.0,342.75,337.95001,340.39999,74915.0,-0.08805987413972124,-0.1465416135245717
189,2023-01-16,NSE:HARIOMPIPE,344.0,344.0,335.0,338.95001,83894.0,-0.42596358478153373,-0.08805987413972124
190,2023-01-17,NSE:HARIOMPIPE,342.35001,346.29999,337.20001,338.85001,109200.0,-0.029502875660048732,-0.42596358478153373
191,2023-01-18,NSE:HARIOMPIPE,342.20001,343.5,335.95001,337.64999,98295.0,-0.3541448914226076,-0.029502875660048732
192,2023-01-19,NSE:HARIOMPIPE,339.5,351.95001,337.25,349.54999,188738.0,3.5243596482854853,-0.3541448914226076
193,2023-01-20,NSE:HARIOMPIPE,352.0,401.14999,351.95001,395.10001,3640168.0,13.03104600289075,3.5243596482854853
194,2023-01-23,NSE:HARIOMPIPE,391.04999,406.0,386.35001,401.25,2658784.0,1.5565653870775662,13.03104600289075
195,2023-01-24,NSE:HARIOMPIPE,401.0,408.5,395.10001,397.64999,854364.0,-0.8971987538940804,1.5565653870775662
196,2023-01-25,NSE:HARIOMPIPE,395.04999,400.0,377.85001,384.29999,456422.0,-3.357223773600503,-0.8971987538940804
197,2023-01-27,NSE:HARIOMPIPE,381.54999,393.60001,364.35001,381.25,483150.0,-0.7936482121688267,-3.357223773600503
198,2023-01-30,NSE:HARIOMPIPE,392.75,412.70001,383.0,398.75,839813.0,4.590163934426229,-0.7936482121688267
199,2023-01-31,NSE:HARIOMPIPE,399.95001,403.39999,392.25,398.25,211917.0,-0.12539184952978058,4.590163934426229
200,2023-02-01,NSE:HARIOMPIPE,405.0,409.89999,389.60001,398.25,254395.0,0.0,-0.12539184952978058
201,2023-02-02,NSE:HARIOMPIPE,399.95001,407.45001,395.45001,403.54999,180919.0,1.3308198367859334,0.0
202,2023-02-03,NSE:HARIOMPIPE,410.0,425.20001,395.20001,405.79999,874501.0,0.557551742226533,1.3308198367859334
203,2023-02-06,NSE:HARIOMPIPE,409.45001,437.0,402.45001,429.89999,876096.0,5.938886297163296,0.557551742226533
204,2023-02-07,NSE:HARIOMPIPE,432.95001,435.10001,416.29999,427.04999,594921.0,-0.6629448863211238,5.938886297163296
205,2023-02-08,NSE:HARIOMPIPE,429.25,441.0,422.60001,436.5,252627.0,2.2128580309766592,-0.6629448863211238
206,2023-02-09,NSE:HARIOMPIPE,430.29999,443.20001,430.29999,434.10001,207051.0,-0.5498258877434141,2.2128580309766592
207,2023-02-10,NSE:HARIOMPIPE,425.54999,434.79999,422.14999,430.29999,169678.0,-0.8753789247781906,-0.5498258877434141
208,2023-02-13,NSE:HARIOMPIPE,425.0,432.79999,409.0,424.79999,305233.0,-1.2781780450424831,-0.8753789247781906
209,2023-02-14,NSE:HARIOMPIPE,428.25,428.25,406.64999,411.20001,257399.0,-3.2015019586040863,-1.2781780450424831
210,2023-02-15,NSE:HARIOMPIPE,407.0,420.85001,407.0,412.75,146316.0,0.37694308421830525,-3.2015019586040863
211,2023-02-16,NSE:HARIOMPIPE,418.89999,436.85001,415.0,422.89999,348944.0,2.4591132646880687,0.37694308421830525
212,2023-02-17,NSE:HARIOMPIPE,422.89999,426.25,415.25,419.39999,104745.0,-0.8276188419867307,2.4591132646880687
213,2023-02-20,NSE:HARIOMPIPE,421.25,428.35001,420.04999,423.5,157283.0,0.9775894367570198,-0.8276188419867307
214,2023-02-21,NSE:HARIOMPIPE,423.89999,424.79999,416.89999,422.79999,109073.0,-0.16529161747344043,0.9775894367570198
215,2023-02-22,NSE:HARIOMPIPE,413.0,422.85001,408.0,410.64999,87853.0,-2.873699216501868,-0.16529161747344043
216,2023-02-23,NSE:HARIOMPIPE,412.20001,415.5,399.54999,401.45001,76099.0,-2.240345847810682,-2.873699216501868
217,2023-02-24,NSE:HARIOMPIPE,404.70001,413.35001,402.54999,405.70001,100459.0,1.0586623226139662,-2.240345847810682
218,2023-02-27,NSE:HARIOMPIPE,402.64999,407.79999,386.5,403.10001,192146.0,-0.6408676203877891,1.0586623226139662
219,2023-02-28,NSE:HARIOMPIPE,404.85001,405.20001,398.70001,401.04999,54582.0,-0.5085636192368286,-0.6408676203877891
220,2023-03-01,NSE:HARIOMPIPE,402.85001,420.39999,401.04999,406.29999,178447.0,1.3090637404080225,-0.5085636192368286
221,2023-03-02,NSE:HARIOMPIPE,408.75,419.0,406.39999,415.60001,77521.0,2.288954031231952,1.3090637404080225
222,2023-03-03,NSE:HARIOMPIPE,418.5,451.0,417.14999,448.20001,989731.0,7.844080658227131,2.288954031231952
223,2023-03-06,NSE:HARIOMPIPE,452.0,456.20001,438.54999,441.95001,280736.0,-1.3944667247999392,7.844080658227131
224,2023-03-08,NSE:HARIOMPIPE,441.5,453.14999,438.20001,448.29999,195484.0,1.4368095613347671,-1.3944667247999392
225,2023-03-09,NSE:HARIOMPIPE,443.79999,453.10001,442.35001,446.70001,119793.0,-0.35689940568590234,1.4368095613347671
226,2023-03-10,NSE:HARIOMPIPE,444.79999,451.35001,438.60001,444.20001,168058.0,-0.5596597143572931,-0.35689940568590234
227,2023-03-13,NSE:HARIOMPIPE,444.20001,453.70001,420.0,423.20001,351401.0,-4.7276000736695165,-0.5596597143572931
228,2023-03-14,NSE:HARIOMPIPE,447.64999,468.25,431.64999,457.60001,593566.0,8.128544231367096,-4.7276000736695165
229,2023-03-15,NSE:HARIOMPIPE,463.79999,467.10001,441.20001,447.29999,305790.0,-2.250878447314723,8.128544231367096
230,2023-03-16,NSE:HARIOMPIPE,446.79999,463.0,434.79999,458.14999,174871.0,2.4256651559504894,-2.250878447314723
231,2023-03-17,NSE:HARIOMPIPE,464.95001,464.95001,454.29999,460.04999,145537.0,0.4147113481329503,2.4256651559504894
232,2023-03-20,NSE:HARIOMPIPE,460.0,468.0,452.79999,463.70001,205139.0,0.7933963872056687,0.4147113481329503
233,2023-03-21,NSE:HARIOMPIPE,465.0,491.0,457.70001,487.29999,510713.0,5.089493097056427,0.7933963872056687
234,2023-03-22,NSE:HARIOMPIPE,489.10001,499.0,481.25,496.20001,360558.0,1.826394455702747,5.089493097056427
235,2023-03-23,NSE:HARIOMPIPE,488.75,498.89999,483.35001,490.04999,212902.0,-1.2394235945299639,1.826394455702747
236,2023-03-24,NSE:HARIOMPIPE,494.75,494.75,475.64999,478.60001,114344.0,-2.336492242352659,-1.2394235945299639
237,2023-03-27,NSE:HARIOMPIPE,483.95001,497.64999,474.0,492.89999,173477.0,2.98787707923366,-2.336492242352659
238,2023-03-28,NSE:HARIOMPIPE,491.95001,494.54999,481.10001,484.89999,97098.0,-1.6230473041803064,2.98787707923366
239,2023-03-29,NSE:HARIOMPIPE,484.89999,502.0,481.5,491.5,272223.0,1.361107472903845,-1.6230473041803064
240,2023-03-31,NSE:HARIOMPIPE,491.95001,507.85001,463.64999,478.64999,273160.0,-2.6144476093591043,1.361107472903845
241,2023-04-03,NSE:HARIOMPIPE,478.70001,490.0,472.0,476.0,319438.0,-0.5536383694482063,-2.6144476093591043
242,2023-04-05,NSE:HARIOMPIPE,476.54999,485.0,463.35001,470.95001,205475.0,-1.0609222689075588,-0.5536383694482063
243,2023-04-06,NSE:HARIOMPIPE,475.0,480.0,466.60001,471.89999,129417.0,0.20171567678700808,-1.0609222689075588
244,2023-04-10,NSE:HARIOMPIPE,476.70001,476.95001,468.04999,472.25,75676.0,0.07417037665120474,0.20171567678700808
245,2023-04-11,NSE:HARIOMPIPE,475.79999,500.75,472.54999,492.45001,566339.0,4.277397564849131,0.07417037665120474
246,2023-04-12,NSE:HARIOMPIPE,496.70001,514.75,496.70001,505.20001,438110.0,2.5890952870525883,4.277397564849131
247,2023-04-13,NSE:HARIOMPIPE,507.89999,515.0,500.0,506.60001,178318.0,0.2771179675946517,2.5890952870525883
248,2023-04-17,NSE:HARIOMPIPE,510.0,524.54999,509.14999,513.70001,174286.0,1.4015001697295708,0.2771179675946517
249,2023-04-18,NSE:HARIOMPIPE,515.0,536.0,515.0,531.09998,253899.0,3.387185061569288,1.4015001697295708
250,2023-04-19,NSE:HARIOMPIPE,531.29999,537.15002,526.09998,530.59998,147994.0,-0.0941442325040193,3.387185061569288
251,2023-04-20,NSE:HARIOMPIPE,531.04999,544.70001,531.0,535.20001,202185.0,0.866948769956618,-0.0941442325040193
252,2023-04-21,NSE:HARIOMPIPE,544.5,548.0,529.90002,542.34998,138568.0,1.3359435475346757,0.866948769956618
253,2023-04-24,NSE:HARIOMPIPE,548.95001,548.95001,524.5,525.5,142400.0,-3.106846247140999,1.3359435475346757
254,2023-04-25,NSE:HARIOMPIPE,528.45001,528.45001,505.0,511.0,129499.0,-2.759276879162702,-3.106846247140999
255,2023-04-26,NSE:HARIOMPIPE,514.75,524.70001,501.0,520.75,142808.0,1.908023483365949,-2.759276879162702
256,2023-04-27,NSE:HARIOMPIPE,522.84998,536.90002,507.70001,532.15002,103942.0,2.189154104656753,1.908023483365949
257,2023-04-28,NSE:HARIOMPIPE,535.59998,537.75,530.0,534.59998,59954.0,0.46038897076428165,2.189154104656753
258,2023-05-02,NSE:HARIOMPIPE,533.04999,535.15002,515.0,516.20001,103669.0,-3.441820181138043,0.46038897076428165
259,2023-05-03,NSE:HARIOMPIPE,516.0,549.95001,515.95001,532.45001,137429.0,3.1480045883765095,-3.441820181138043
260,2023-05-04,NSE:HARIOMPIPE,536.79999,546.79999,532.0,544.54999,101149.0,2.272510052164326,3.1480045883765095
261,2023-05-05,NSE:HARIOMPIPE,544.90002,554.90002,537.04999,545.04999,64062.0,0.09181893475014112,2.272510052164326
262,2023-05-08,NSE:HARIOMPIPE,547.90002,558.65002,545.0,550.34998,60371.0,0.9723860374715317,0.09181893475014112
263,2023-05-09,NSE:HARIOMPIPE,553.65002,553.70001,540.75,542.90002,29526.0,-1.3536768003516453,0.9723860374715317
264,2023-05-10,NSE:HARIOMPIPE,544.84998,551.0,532.0,544.34998,55156.0,0.26707679988663824,-1.3536768003516453
265,2023-05-11,NSE:HARIOMPIPE,548.90002,563.75,540.29999,555.34998,94371.0,2.020758777285158,0.26707679988663824
266,2023-05-12,NSE:HARIOMPIPE,557.45001,566.0,548.0,556.29999,52786.0,0.17106510024543808,2.020758777285158
267,2023-05-15,NSE:HARIOMPIPE,559.0,574.0,559.0,567.15002,53302.0,1.9503919099477356,0.17106510024543808
268,2023-05-16,NSE:HARIOMPIPE,569.90002,595.0,567.95001,594.04999,115959.0,4.743007855311357,1.9503919099477356
269,2023-05-17,NSE:HARIOMPIPE,596.90002,597.90002,565.15002,576.84998,147841.0,-2.8953809089366405,4.743007855311357
270,2023-05-18,NSE:HARIOMPIPE,581.65002,594.0,572.59998,589.09998,77215.0,2.123602396588451,-2.8953809089366405
271,2023-05-19,NSE:HARIOMPIPE,597.45001,597.45001,580.5,582.70001,43348.0,-1.0863979319775126,2.123602396588451
272,2023-05-22,NSE:HARIOMPIPE,582.5,583.29999,570.54999,571.84998,30287.0,-1.8620267399686605,-1.0863979319775126
273,2023-05-23,NSE:HARIOMPIPE,573.09998,592.0,568.54999,587.25,59647.0,2.693017493853902,-1.8620267399686605
274,2023-05-24,NSE:HARIOMPIPE,586.79999,593.0,582.04999,587.90002,29858.0,0.1106888037462819,2.693017493853902
275,2023-05-25,NSE:HARIOMPIPE,587.90002,605.0,582.59998,601.75,83421.0,2.355839348330003,0.1106888037462819
276,2023-05-26,NSE:HARIOMPIPE,604.70001,632.04999,603.0,619.79999,160559.0,2.999582883257163,2.355839348330003
277,2023-05-29,NSE:HARIOMPIPE,658.0,658.0,614.95001,617.95001,188496.0,-0.2984801597044168,2.999582883257163
278,2023-05-30,NSE:HARIOMPIPE,620.59998,629.90002,616.0,620.04999,80532.0,0.33983007784075603,-0.2984801597044168
279,2023-05-31,NSE:HARIOMPIPE,639.0,639.95001,604.0,632.95001,202243.0,2.0804806399561495,0.33983007784075603
280,2023-06-01,NSE:HARIOMPIPE,632.5,671.0,631.70001,664.65002,196423.0,5.008295994813243,2.0804806399561495
281,2023-06-02,NSE:HARIOMPIPE,676.0,688.20001,650.65002,656.75,141822.0,-1.1885984747281042,5.008295994813243
282,2023-06-05,NSE:HARIOMPIPE,666.0,670.84998,640.09998,655.5,78834.0,-0.1903311762466692,-1.1885984747281042
283,2023-06-06,NSE:HARIOMPIPE,659.95001,659.95001,638.0,639.95001,74415.0,-2.3722334096109807,-0.1903311762466692
284,2023-06-07,NSE:HARIOMPIPE,645.15002,660.0,635.0,650.29999,88123.0,1.6173107021281177,-2.3722334096109807
285,2023-06-08,NSE:HARIOMPIPE,653.90002,663.0,648.0,655.79999,53730.0,0.8457635067778487,1.6173107021281177
286,2023-06-09,NSE:HARIOMPIPE,661.34998,667.95001,651.25,655.75,28234.0,-0.007622750954903152,0.8457635067778487
287,2023-06-12,NSE:HARIOMPIPE,658.90002,686.75,657.54999,683.25,90652.0,4.193671368661837,-0.007622750954903152
288,2023-06-13,NSE:HARIOMPIPE,687.79999,689.84998,670.65002,672.59998,54105.0,-1.5587296011708804,4.193671368661837
289,2023-06-14,NSE:HARIOMPIPE,676.40002,682.75,667.75,676.54999,36663.0,0.5872747721461455,-1.5587296011708804
290,2023-06-15,NSE:HARIOMPIPE,679.70001,694.70001,675.09998,685.75,51811.0,1.3598418647526727,0.5872747721461455
291,2023-06-16,NSE:HARIOMPIPE,689.70001,694.95001,682.25,685.70001,30132.0,-0.007289828654754615,1.3598418647526727
292,2023-06-19,NSE:HARIOMPIPE,689.84998,693.90002,666.04999,688.59998,52975.0,0.42292109635523256,-0.007289828654754615
293,2023-06-20,NSE:HARIOMPIPE,688.75,692.75,682.04999,686.25,38001.0,-0.34126925185213625,0.42292109635523256
294,2023-06-21,NSE:HARIOMPIPE,688.0,688.0,660.15002,667.04999,79679.0,-2.797815664845176,-0.34126925185213625
295,2023-06-22,NSE:HARIOMPIPE,671.95001,674.40002,622.40002,634.29999,108519.0,-4.909677009364771,-2.797815664845176
296,2023-06-23,NSE:HARIOMPIPE,650.0,666.0,631.40002,640.54999,94525.0,0.9853381835935392,-4.909677009364771
297,2023-06-26,NSE:HARIOMPIPE,630.0,661.84998,625.90002,648.95001,61266.0,1.3113761815842102,0.9853381835935392
298,2023-06-27,NSE:HARIOMPIPE,653.79999,658.40002,645.54999,647.34998,21218.0,-0.24655674171267222,1.3113761815842102
299,2023-06-28,NSE:HARIOMPIPE,628.40002,672.90002,628.40002,658.95001,67538.0,1.7919255979586286,-0.24655674171267222
300,2023-06-30,NSE:HARIOMPIPE,664.04999,675.15002,660.0,661.34998,53544.0,0.3642112396356044,1.7919255979586286
301,2023-07-03,NSE:HARIOMPIPE,669.90002,674.45001,662.0,663.95001,40776.0,0.3931398017128633,0.3642112396356044
302,2023-07-04,NSE:HARIOMPIPE,667.70001,669.25,656.04999,659.79999,47736.0,-0.6250500696581118,0.3931398017128633
303,2023-07-05,NSE:HARIOMPIPE,665.0,665.0,636.15002,637.79999,78104.0,-3.3343437910631066,-0.6250500696581118
304,2023-07-06,NSE:HARIOMPIPE,637.79999,647.65002,628.04999,635.25,56259.0,-0.39981029162449183,-3.3343437910631066
305,2023-07-07,NSE:HARIOMPIPE,639.75,642.95001,625.25,628.15002,41392.0,-1.1176670602125083,-0.39981029162449183
306,2023-07-10,NSE:HARIOMPIPE,628.15002,634.95001,601.0,616.25,100872.0,-1.8944550857452873,-1.1176670602125083
307,2023-07-11,NSE:HARIOMPIPE,616.0,650.0,616.0,644.09998,76591.0,4.519266531440156,-1.8944550857452873
308,2023-07-12,NSE:HARIOMPIPE,645.0,649.25,628.25,636.04999,145879.0,-1.2498044170099152,4.519266531440156
309,2023-07-13,NSE:HARIOMPIPE,644.34998,646.84998,629.5,633.84998,40042.0,-0.3458863351291021,-1.2498044170099152
310,2023-07-14,NSE:HARIOMPIPE,636.0,638.79999,617.0,620.90002,58689.0,-2.043063880825542,-0.3458863351291021
311,2023-07-17,NSE:HARIOMPIPE,622.0,624.90002,606.79999,610.95001,62996.0,-1.6025140408273815,-2.043063880825542
312,2023-07-18,NSE:HARIOMPIPE,611.45001,631.95001,609.45001,614.25,49979.0,0.5401407555423364,-1.6025140408273815
313,2023-07-19,NSE:HARIOMPIPE,606.29999,624.45001,606.29999,611.95001,35556.0,-0.37443874643874314,0.5401407555423364
314,2023-07-20,NSE:HARIOMPIPE,620.95001,626.75,611.0,617.20001,29530.0,0.8579132141855836,-0.37443874643874314
315,2023-07-21,NSE:HARIOMPIPE,617.0,623.65002,611.5,617.54999,26925.0,0.05670447088942197,0.8579132141855836
316,2023-07-24,NSE:HARIOMPIPE,617.54999,620.95001,599.59998,604.95001,80406.0,-2.0403174162467335,0.05670447088942197
317,2023-07-25,NSE:HARIOMPIPE,609.0,609.0,569.29999,589.34998,176110.0,-2.5787304309657024,-2.0403174162467335
318,2023-07-26,NSE:HARIOMPIPE,590.65002,606.0,567.0,571.65002,147476.0,-3.0033020447374783,-2.5787304309657024
319,2023-07-27,NSE:HARIOMPIPE,578.70001,594.75,572.0,582.5,87371.0,1.8980109543248085,-3.0033020447374783
320,2023-07-28,NSE:HARIOMPIPE,580.0,597.90002,578.15002,589.95001,55101.0,1.2789716738197459,1.8980109543248085
321,2023-07-31,NSE:HARIOMPIPE,590.0,604.70001,574.29999,579.29999,62462.0,-1.805241091529101,1.2789716738197459
322,2023-08-01,NSE:HARIOMPIPE,588.59998,589.90002,579.59998,582.0,47026.0,0.4660814856910355,-1.805241091529101
323,2023-08-02,NSE:HARIOMPIPE,585.79999,586.45001,571.95001,576.95001,53205.0,-0.8676958762886563,0.4660814856910355
324,2023-08-03,NSE:HARIOMPIPE,577.25,583.95001,573.0,575.84998,26753.0,-0.1906629657567838,-0.8676958762886563
325,2023-08-04,NSE:HARIOMPIPE,576.90002,580.0,573.0,575.0,18792.0,-0.14760441599736784,-0.1906629657567838
326,2023-08-07,NSE:HARIOMPIPE,571.0,584.0,558.0,563.54999,48402.0,-1.9913060869565253,-0.14760441599736784
327,2023-08-08,NSE:HARIOMPIPE,564.04999,579.95001,563.79999,572.95001,44318.0,1.6680010942773758,-1.9913060869565253
328,2023-08-09,NSE:HARIOMPIPE,572.95001,580.0,572.34998,576.75,30480.0,0.6632323821758865,1.6680010942773758
329,2023-08-10,NSE:HARIOMPIPE,577.04999,586.0,547.04999,567.90002,59851.0,-1.5344568703944448,0.6632323821758865
330,2023-08-11,NSE:HARIOMPIPE,572.0,593.70001,540.04999,573.54999,126428.0,0.9948881495020795,-1.5344568703944448
331,2023-08-14,NSE:HARIOMPIPE,573.54999,573.54999,553.95001,556.34998,54933.0,-2.9988685031622127,0.9948881495020795
332,2023-08-16,NSE:HARIOMPIPE,559.84998,574.95001,553.0,560.09998,36280.0,0.6740361525671306,-2.9988685031622127
333,2023-08-17,NSE:HARIOMPIPE,562.90002,573.04999,555.54999,561.04999,34717.0,0.1696143606361172,0.6740361525671306
334,2023-08-18,NSE:HARIOMPIPE,569.29999,569.29999,554.04999,555.79999,31935.0,-0.9357454939086622,0.1696143606361172
335,2023-08-21,NSE:HARIOMPIPE,555.0,573.40002,547.79999,561.45001,64527.0,1.0165563335112764,-0.9357454939086622
336,2023-08-22,NSE:HARIOMPIPE,564.90002,566.04999,537.59998,548.0,106440.0,-2.395584604228615,1.0165563335112764
337,2023-08-23,NSE:HARIOMPIPE,556.65002,571.40002,539.59998,566.95001,111017.0,3.458031021897814,-2.395584604228615
338,2023-08-24,NSE:HARIOMPIPE,573.0,644.0,572.04999,624.84998,864677.0,10.212535316826246,3.458031021897814
339,2023-08-25,NSE:HARIOMPIPE,623.90002,640.0,608.04999,625.59998,201249.0,0.12002881075550327,10.212535316826246
340,2023-08-28,NSE:HARIOMPIPE,639.95001,640.0,621.15002,629.84998,92405.0,0.6793478478052382,0.12002881075550327
341,2023-08-29,NSE:HARIOMPIPE,629.95001,636.29999,623.75,628.84998,52052.0,-0.158767965666999,0.6793478478052382
342,2023-08-30,NSE:HARIOMPIPE,631.45001,640.0,626.95001,628.09998,78842.0,-0.11926532938746376,-0.158767965666999
343,2023-08-31,NSE:HARIOMPIPE,630.84998,637.79999,626.0,634.25,49561.0,0.9791466638798556,-0.11926532938746376
344,2023-09-01,NSE:HARIOMPIPE,637.90002,655.0,625.04999,630.40002,142839.0,-0.6070130074891541,0.9791466638798556
345,2023-09-04,NSE:HARIOMPIPE,631.90002,638.0,620.0,625.95001,65214.0,-0.7059025791274595,-0.6070130074891541
346,2023-09-05,NSE:HARIOMPIPE,635.0,635.0,612.0,616.59998,67807.0,-1.493734299964315,-0.7059025791274595
347,2023-09-06,NSE:HARIOMPIPE,620.0,625.0,604.70001,606.59998,60057.0,-1.6217970036262408,-1.493734299964315
348,2023-09-07,NSE:HARIOMPIPE,609.70001,614.40002,587.45001,592.45001,95631.0,-2.332669051522214,-1.6217970036262408
349,2023-09-08,NSE:HARIOMPIPE,598.34998,605.0,590.15002,598.79999,53853.0,1.0718170128818059,-2.332669051522214
350,2023-09-11,NSE:HARIOMPIPE,599.0,619.09998,597.59998,605.04999,70418.0,1.0437541924474647,1.0718170128818059
351,2023-09-12,NSE:HARIOMPIPE,608.09998,613.20001,575.54999,584.40002,66399.0,-3.4129361773892337,1.0437541924474647
352,2023-09-13,NSE:HARIOMPIPE,589.95001,609.84998,565.0,598.0,61260.0,2.327169667105754,-3.4129361773892337
353,2023-09-14,NSE:HARIOMPIPE,604.0,604.0,585.0,590.59998,58533.0,-1.2374615384615453,2.327169667105754
354,2023-09-15,NSE:HARIOMPIPE,595.0,597.04999,579.59998,586.45001,39191.0,-0.7026701897280693,-1.2374615384615453
355,2023-09-18,NSE:HARIOMPIPE,586.45001,591.15002,575.0,579.45001,45329.0,-1.1936226243733885,-0.7026701897280693
356,2023-09-20,NSE:HARIOMPIPE,585.45001,585.45001,570.59998,576.29999,37102.0,-0.5436223911705584,-1.1936226243733885
357,2023-09-21,NSE:HARIOMPIPE,572.09998,578.40002,565.29999,571.29999,34548.0,-0.8676036936943206,-0.5436223911705584
358,2023-09-22,NSE:HARIOMPIPE,573.29999,584.0,556.5,576.75,74519.0,0.9539664091364715,-0.8676036936943206
359,2023-09-25,NSE:HARIOMPIPE,577.04999,582.95001,570.0,579.40002,56256.0,0.45947464239272484,0.9539664091364715
360,2023-09-26,NSE:HARIOMPIPE,579.29999,587.70001,573.04999,584.59998,44532.0,0.8974732172083664,0.45947464239272484
361,2023-09-27,NSE:HARIOMPIPE,585.59998,587.90002,575.0,578.20001,29345.0,-1.0947605574669947,0.8974732172083664
362,2023-09-28,NSE:HARIOMPIPE,580.95001,599.0,579.09998,594.20001,76918.0,2.7672085304875726,-1.0947605574669947
363,2023-09-29,NSE:HARIOMPIPE,603.0,609.90002,595.0,597.59998,40966.0,0.5721928547257916,2.7672085304875726
364,2023-10-03,NSE:HARIOMPIPE,596.34998,604.5,581.5,593.25,47363.0,-0.7279083242271795,0.5721928547257916
365,2023-10-04,NSE:HARIOMPIPE,593.0,593.0,581.20001,584.90002,26067.0,-1.4074976822587375,-0.7279083242271795
366,2023-10-05,NSE:HARIOMPIPE,590.40002,595.45001,585.09998,587.20001,27372.0,0.39322788875951475,-1.4074976822587375
367,2023-10-06,NSE:HARIOMPIPE,590.70001,623.90002,587.59998,609.59998,128547.0,3.814708722501544,0.39322788875951475
368,2023-10-09,NSE:HARIOMPIPE,590.0,625.0,586.04999,598.29999,87604.0,-1.8536729610785059,3.814708722501544
369,2023-10-10,NSE:HARIOMPIPE,602.40002,621.0,601.0,618.59998,67885.0,3.3929450675738737,-1.8536729610785059
370,2023-10-11,NSE:HARIOMPIPE,622.95001,622.95001,614.5,618.84998,45451.0,0.04041383900465047,3.3929450675738737
371,2023-10-12,NSE:HARIOMPIPE,624.70001,633.04999,619.79999,624.09998,65505.0,0.8483477691960175,0.04041383900465047
372,2023-10-13,NSE:HARIOMPIPE,626.09998,627.90002,615.04999,622.25,39610.0,-0.2964236595553103,0.8483477691960175
373,2023-10-16,NSE:HARIOMPIPE,615.04999,633.95001,615.04999,628.75,75987.0,1.0445962233828847,-0.2964236595553103
374,2023-10-17,NSE:HARIOMPIPE,636.90002,637.95001,624.95001,632.5,43520.0,0.5964214711729622,1.0445962233828847
375,2023-10-18,NSE:HARIOMPIPE,632.29999,632.29999,615.0,622.29999,47777.0,-1.6126498023715445,0.5964214711729622
376,2023-10-19,NSE:HARIOMPIPE,620.0,635.0,610.04999,627.79999,56963.0,0.8838181083692449,-1.6126498023715445
377,2023-10-20,NSE:HARIOMPIPE,628.0,666.29999,621.75,639.54999,588685.0,1.871615193877273,0.8838181083692449
378,2023-10-23,NSE:HARIOMPIPE,639.65002,644.79999,592.25,599.84998,136950.0,-6.207491301813643,1.871615193877273
379,2023-10-25,NSE:HARIOMPIPE,609.79999,623.95001,602.34998,617.04999,106109.0,2.867385275231654,-6.207491301813643
380,2023-10-26,NSE:HARIOMPIPE,612.20001,626.04999,593.20001,618.70001,109282.0,0.26740459067182554,2.867385275231654
381,2023-10-27,NSE:HARIOMPIPE,621.79999,640.0,621.04999,623.20001,113974.0,0.7273314897796753,0.26740459067182554
382,2023-10-30,NSE:HARIOMPIPE,628.0,635.09998,622.09998,626.34998,63119.0,0.5054508904773508,0.7273314897796753
383,2023-10-31,NSE:HARIOMPIPE,626.40002,651.0,626.40002,629.04999,92336.0,0.4310705015109956,0.5054508904773508
384,2023-11-01,NSE:HARIOMPIPE,630.5,635.0,609.79999,613.59998,61852.0,-2.456086200716738,0.4310705015109956
385,2023-11-02,NSE:HARIOMPIPE,616.79999,634.90002,615.20001,626.45001,82932.0,2.094203132144832,-2.456086200716738
386,2023-11-03,NSE:HARIOMPIPE,632.0,647.95001,618.04999,623.84998,79900.0,-0.4150418961602476,2.094203132144832
387,2023-11-06,NSE:HARIOMPIPE,623.95001,636.04999,619.0,631.25,64788.0,1.1861858198665072,-0.4150418961602476
388,2023-11-07,NSE:HARIOMPIPE,633.04999,695.0,633.04999,669.45001,788731.0,6.05148673267327,1.1861858198665072
389,2023-11-08,NSE:HARIOMPIPE,674.95001,687.0,665.0,670.25,161778.0,0.11949958742998297,6.05148673267327
390,2023-11-09,NSE:HARIOMPIPE,672.29999,679.90002,641.40002,657.45001,105334.0,-1.909733681462138,0.11949958742998297
391,2023-11-10,NSE:HARIOMPIPE,659.04999,682.84998,658.0,677.65002,211392.0,3.0724784687432005,-1.909733681462138
392,2023-11-12,NSE:HARIOMPIPE,712.0,712.0,685.0,699.8,277699.0,3.2686459597536666,3.0724784687432005
393,2023-11-13,NSE:HARIOMPIPE,700.04999,740.0,695.04999,703.95001,787397.0,0.5930280080022958,3.2686459597536666
394,2023-11-15,NSE:HARIOMPIPE,722.95001,724.0,708.09998,712.34998,189840.0,1.1932622886105135,0.5930280080022958
395,2023-11-16,NSE:HARIOMPIPE,710.04999,712.0,698.0,701.79999,97146.0,-1.4810121844883017,1.1932622886105135
396,2023-11-17,NSE:HARIOMPIPE,705.0,707.95001,686.34998,688.90002,102430.0,-1.8381262729855468,-1.4810121844883017
397,2023-11-20,NSE:HARIOMPIPE,693.5,693.5,666.04999,669.34998,136389.0,-2.83786317788176,-1.8381262729855468
398,2023-11-21,NSE:HARIOMPIPE,672.95001,677.90002,660.0,666.09998,84347.0,-0.4855456931514363,-2.83786317788176
399,2023-11-22,NSE:HARIOMPIPE,672.75,678.0,644.29999,649.20001,119786.0,-2.5371521554466856,-0.4855456931514363
400,2023-11-23,NSE:HARIOMPIPE,653.04999,669.95001,650.75,658.20001,111952.0,1.3863216052630682,-2.5371521554466856
401,2023-11-24,NSE:HARIOMPIPE,661.0,687.09998,655.95001,679.84998,143017.0,3.289269169108633,1.3863216052630682
402,2023-11-28,NSE:HARIOMPIPE,683.0,696.79999,673.34998,678.04999,70941.0,-0.2647628231157674,3.289269169108633
403,2023-11-29,NSE:HARIOMPIPE,681.0,684.70001,662.54999,669.34998,46337.0,-1.2830927112026091,-0.2647628231157674
404,2023-11-30,NSE:HARIOMPIPE,673.0,674.0,653.04999,655.25,67526.0,-2.106518326929652,-1.2830927112026091
405,2023-12-01,NSE:HARIOMPIPE,659.75,667.40002,655.25,658.34998,39307.0,0.47309881724532005,-2.106518326929652
406,2023-12-04,NSE:HARIOMPIPE,663.34998,681.95001,660.79999,677.95001,61258.0,2.9771444665343596,0.47309881724532005
407,2023-12-05,NSE:HARIOMPIPE,678.0,689.90002,662.09998,664.5,75317.0,-1.9839235639217734,2.9771444665343596
408,2023-12-06,NSE:HARIOMPIPE,665.0,700.0,658.40002,679.09998,247673.0,2.197137697516924,-1.9839235639217734
409,2023-12-07,NSE:HARIOMPIPE,679.0,688.15002,668.04999,681.90002,46228.0,0.4123163131296339,2.197137697516924
410,2023-12-08,NSE:HARIOMPIPE,682.0,694.65002,666.0,671.84998,36197.0,-1.4738289639586872,0.4123163131296339
411,2023-12-11,NSE:HARIOMPIPE,671.84998,690.40002,671.84998,679.54999,41107.0,1.1460906793507712,-1.4738289639586872
412,2023-12-12,NSE:HARIOMPIPE,680.5,686.40002,670.04999,673.0,50874.0,-0.9638716939720623,1.1460906793507712
413,2023-12-13,NSE:HARIOMPIPE,674.5,679.40002,662.04999,669.20001,47284.0,-0.5646344725111411,-0.9638716939720623
414,2023-12-14,NSE:HARIOMPIPE,674.0,685.0,663.0,667.54999,37141.0,-0.24656604532926418,-0.5646344725111411
415,2023-12-15,NSE:HARIOMPIPE,670.90002,673.59998,651.09998,657.79999,63430.0,-1.4605647735834737,-0.24656604532926418
416,2023-12-18,NSE:HARIOMPIPE,657.90002,666.0,649.5,655.0,100312.0,-0.42565978147855854,-1.4605647735834737
417,2023-12-19,NSE:HARIOMPIPE,661.54999,664.90002,650.0,653.65002,47313.0,-0.20610381679388698,-0.42565978147855854
418,2023-12-20,NSE:HARIOMPIPE,653.65002,659.25,607.0,617.20001,148432.0,-5.576380155239652,-0.20610381679388698
419,2023-12-21,NSE:HARIOMPIPE,620.29999,644.5,611.0,639.65002,78031.0,3.6373962469637715,-5.576380155239652
420,2023-12-22,NSE:HARIOMPIPE,642.0,643.40002,628.0,634.15002,48684.0,-0.8598452009741202,3.6373962469637715
421,2023-12-26,NSE:HARIOMPIPE,639.0,642.40002,632.0,635.45001,24491.0,0.2049972339352729,-0.8598452009741202
422,2023-12-27,NSE:HARIOMPIPE,638.59998,640.0,627.95001,631.84998,27292.0,-0.5665323697138758,0.2049972339352729
423,2023-12-28,NSE:HARIOMPIPE,631.84998,639.5,623.54999,630.70001,29548.0,-0.18200048055709986,-0.5665323697138758
424,2023-12-29,NSE:HARIOMPIPE,630.04999,639.0,622.04999,625.54999,63900.0,-0.8165561944417982,-0.18200048055709986
425,2024-01-01,NSE:HARIOMPIPE,626.90002,631.09998,621.09998,626.54999,27594.0,0.15985932635056072,-0.8165561944417982
426,2024-01-02,NSE:HARIOMPIPE,632.79999,632.79999,617.04999,627.34998,27080.0,0.12768175129968157,0.15985932635056072
427,2024-01-03,NSE:HARIOMPIPE,621.09998,629.84998,618.0,622.04999,47862.0,-0.8448218967026954,0.12768175129968157
428,2024-01-04,NSE:HARIOMPIPE,625.59998,628.65002,615.0,619.25,68301.0,-0.4501229877039271,-0.8448218967026954
429,2024-01-05,NSE:HARIOMPIPE,622.0,636.0,616.54999,628.79999,80601.0,1.5421865159467065,-0.4501229877039271
430,2024-01-08,NSE:HARIOMPIPE,631.90002,649.90002,621.0,629.65002,44300.0,0.13518289019057725,1.5421865159467065
431,2024-01-09,NSE:HARIOMPIPE,642.5,642.5,619.0,620.54999,66958.0,-1.4452520782894696,0.13518289019057725
432,2024-01-10,NSE:HARIOMPIPE,620.0,637.0,618.0,620.84998,67721.0,0.048342600086091335,-1.4452520782894696
433,2024-01-11,NSE:HARIOMPIPE,620.90002,629.65002,615.0,618.79999,40201.0,-0.3301908779959983,0.048342600086091335
434,2024-01-12,NSE:HARIOMPIPE,622.75,624.20001,618.04999,620.04999,32684.0,0.20200388173891212,-0.3301908779959983
435,2024-01-15,NSE:HARIOMPIPE,630.0,630.0,601.15002,615.79999,74334.0,-0.6854286055225967,0.20200388173891212
436,2024-01-16,NSE:HARIOMPIPE,619.40002,620.59998,609.34998,611.65002,34415.0,-0.6739152431619785,-0.6854286055225967
437,2024-01-17,NSE:HARIOMPIPE,604.79999,617.75,602.09998,613.84998,52175.0,0.35967627369650357,-0.6739152431619785
438,2024-01-18,NSE:HARIOMPIPE,608.09998,622.75,608.09998,614.25,50822.0,0.0651657592299735,0.35967627369650357
439,2024-01-19,NSE:HARIOMPIPE,616.0,623.59998,610.0,613.15002,103992.0,-0.17907692307691647,0.0651657592299735
440,2024-01-20,NSE:HARIOMPIPE,620.0,620.20001,610.04999,612.5,26784.0,-0.10601320701254165,-0.17907692307691647
441,2024-01-23,NSE:HARIOMPIPE,615.59998,623.0,593.54999,598.40002,82106.0,-2.3020375510204016,-0.10601320701254165
442,2024-01-24,NSE:HARIOMPIPE,594.04999,599.40002,570.0,588.90002,107447.0,-1.5875667918593985,-2.3020375510204016
443,2024-01-25,NSE:HARIOMPIPE,595.34998,607.15002,590.0,599.65002,52845.0,1.8254371939060214,-1.5875667918593985
444,2024-01-29,NSE:HARIOMPIPE,599.59998,609.59998,594.65002,597.45001,51475.0,-0.3668823357998087,1.8254371939060214
445,2024-01-30,NSE:HARIOMPIPE,605.0,627.0,601.34998,604.95001,91572.0,1.2553351534800374,-0.3668823357998087
446,2024-01-31,NSE:HARIOMPIPE,613.95001,615.0,604.0,610.09998,36210.0,0.8513050524620933,1.2553351534800374
447,2024-02-01,NSE:HARIOMPIPE,619.29999,620.0,595.29999,600.29999,32123.0,-1.606292463736842,0.8513050524620933
448,2024-02-02,NSE:HARIOMPIPE,603.29999,607.65002,594.09998,597.90002,37958.0,-0.3997951091086874,-1.606292463736842
449,2024-02-05,NSE:HARIOMPIPE,595.0,600.0,570.0,584.54999,123072.0,-2.232819794854675,-0.3997951091086874
450,2024-02-06,NSE:HARIOMPIPE,590.0,600.0,575.0,598.84998,63579.0,2.446324564987159,-2.232819794854675
451,2024-02-07,NSE:HARIOMPIPE,601.79999,610.0,588.0,598.79999,43684.0,-0.008347666639310863,2.446324564987159
452,2024-02-08,NSE:HARIOMPIPE,609.95001,609.95001,587.59998,590.34998,66670.0,-1.411157338195684,-0.008347666639310863
453,2024-02-09,NSE:HARIOMPIPE,599.15002,599.15002,578.0,582.75,70606.0,-1.287368553819543,-1.411157338195684
454,2024-02-12,NSE:HARIOMPIPE,545.0,569.95001,511.5,528.04999,332931.0,-9.386531102531107,-1.287368553819543
455,2024-02-13,NSE:HARIOMPIPE,530.0,534.70001,515.04999,533.65002,68830.0,1.0605113352999138,-9.386531102531107
456,2024-02-14,NSE:HARIOMPIPE,515.0,539.5,515.0,533.25,49685.0,-0.07495924014020283,1.0605113352999138
457,2024-02-15,NSE:HARIOMPIPE,545.0,545.15002,534.65002,536.34998,58350.0,0.5813370839193548,-0.07495924014020283
458,2024-02-16,NSE:HARIOMPIPE,540.20001,548.70001,537.90002,544.59998,34489.0,1.5381747567138904,0.5813370839193548
459,2024-02-19,NSE:HARIOMPIPE,546.0,550.65002,530.84998,539.54999,49950.0,-0.9272842793714351,1.5381747567138904
460,2024-02-20,NSE:HARIOMPIPE,544.70001,544.90002,533.45001,544.15002,36677.0,0.8525678964427488,-0.9272842793714351
461,2024-02-21,NSE:HARIOMPIPE,544.90002,544.90002,533.04999,535.54999,38104.0,-1.5804520231387769,0.8525678964427488
462,2024-02-22,NSE:HARIOMPIPE,532.04999,537.70001,517.04999,525.0,64220.0,-1.9699356170280162,-1.5804520231387769
463,2024-02-23,NSE:HARIOMPIPE,532.90002,538.90002,519.79999,524.65002,54556.0,-0.06666285714284945,-1.9699356170280162
464,2024-02-26,NSE:HARIOMPIPE,525.04999,533.95001,519.0,520.34998,43276.0,-0.8196016079442978,-0.06666285714284945
465,2024-02-27,NSE:HARIOMPIPE,520.40002,554.09998,509.85001,526.65002,252376.0,1.2107312851246927,-0.8196016079442978
466,2024-02-28,NSE:HARIOMPIPE,533.95001,534.70001,514.0,516.40002,57382.0,-1.9462640483712503,1.2107312851246927
467,2024-02-29,NSE:HARIOMPIPE,518.0,518.04999,505.0,509.70001,58188.0,-1.297445728216668,-1.9462640483712503
468,2024-03-01,NSE:HARIOMPIPE,518.0,529.09998,513.75,514.90002,54745.0,1.0202099073923934,-1.297445728216668
469,2024-03-02,NSE:HARIOMPIPE,519.25,522.04999,513.04999,520.75,4961.0,1.136139011996923,1.0202099073923934
470,2024-03-04,NSE:HARIOMPIPE,525.95001,527.79999,510.0,513.65002,42047.0,-1.3634143062889985,1.136139011996923
471,2024-03-05,NSE:HARIOMPIPE,513.65002,523.54999,505.60001,508.95001,40962.0,-0.9150218664451761,-1.3634143062889985
472,2024-03-06,NSE:HARIOMPIPE,511.5,515.95001,490.20001,492.79999,71233.0,-3.173203592234931,-0.9150218664451761
473,2024-03-07,NSE:HARIOMPIPE,492.79999,503.29999,486.04999,494.04999,47323.0,0.25365260254976874,-3.173203592234931
474,2024-03-11,NSE:HARIOMPIPE,490.60001,494.04999,472.35001,481.39999,118481.0,-2.5604696399244897,0.25365260254976874
475,2024-03-12,NSE:HARIOMPIPE,483.0,503.04999,459.85001,477.0,130602.0,-0.9139987726214956,-2.5604696399244897
476,2024-03-13,NSE:HARIOMPIPE,477.95001,479.75,450.0,452.5,156530.0,-5.136268343815513,-0.9139987726214956
477,2024-03-14,NSE:HARIOMPIPE,450.60001,487.0,440.04999,472.25,81266.0,4.364640883977901,-5.136268343815513
478,2024-03-15,NSE:HARIOMPIPE,468.0,477.95001,464.35001,470.04999,32027.0,-0.4658570672313437,4.364640883977901
479,2024-03-18,NSE:HARIOMPIPE,464.04999,488.5,461.20001,479.5,63787.0,2.0104265931374705,-0.4658570672313437
480,2024-03-19,NSE:HARIOMPIPE,484.29999,489.0,468.54999,472.29999,50733.0,-1.501566214807095,2.0104265931374705
481,2024-03-20,NSE:HARIOMPIPE,472.39999,490.0,472.39999,478.29999,55035.0,1.2703790232983065,-1.501566214807095
482,2024-03-21,NSE:HARIOMPIPE,480.70001,488.0,470.0,473.95001,49413.0,-0.9094668808167777,1.2703790232983065
483,2024-03-22,NSE:HARIOMPIPE,475.0,500.0,472.04999,479.10001,204211.0,1.0866124889416031,-0.9094668808167777
484,2024-03-26,NSE:HARIOMPIPE,479.0,479.60001,461.5,463.0,96433.0,-3.360469560415997,1.0866124889416031
485,2024-03-27,NSE:HARIOMPIPE,465.35001,469.95001,450.10001,457.79999,94314.0,-1.123112311015123,-3.360469560415997
486,2024-03-28,NSE:HARIOMPIPE,458.04999,464.64999,450.0,453.20001,104692.0,-1.0048012451900579,-1.123112311015123
487,2024-04-01,NSE:HARIOMPIPE,467.0,501.89999,460.0,499.64999,185250.0,10.249333401382755,-1.0048012451900579
488,2024-04-02,NSE:HARIOMPIPE,507.0,508.70001,496.0,499.70001,75875.0,0.010011007905757732,10.249333401382755
489,2024-04-03,NSE:HARIOMPIPE,504.20001,511.95001,495.10001,509.39999,98009.0,1.941160657571326,0.010011007905757732
490,2024-04-04,NSE:HARIOMPIPE,517.04999,523.95001,505.54999,516.25,93414.0,1.344721267073444,1.941160657571326
491,2024-04-05,NSE:HARIOMPIPE,524.90002,525.0,510.0,516.54999,85423.0,0.05810944309926969,1.344721267073444
492,2024-04-08,NSE:HARIOMPIPE,526.0,560.0,523.20001,557.54999,277587.0,7.9372763127921075,0.05810944309926969
493,2024-04-09,NSE:HARIOMPIPE,560.54999,570.0,543.04999,549.25,126144.0,-1.4886539590826608,7.9372763127921075
494,2024-04-10,NSE:HARIOMPIPE,554.70001,555.04999,530.95001,540.54999,79776.0,-1.5839799726900354,-1.4886539590826608
495,2024-04-12,NSE:HARIOMPIPE,540.54999,595.95001,540.54999,578.54999,537927.0,7.02987710720335,-1.5839799726900354
496,2024-04-15,NSE:HARIOMPIPE,574.70001,574.70001,545.65002,558.90002,191974.0,-3.396416963035457,7.02987710720335
497,2024-04-16,NSE:HARIOMPIPE,553.0,562.79999,548.0,553.40002,81969.0,-0.9840758280881793,-3.396416963035457
498,2024-04-18,NSE:HARIOMPIPE,553.45001,578.84998,551.0,555.59998,193533.0,0.397535222351441,-0.9840758280881793
499,2024-04-19,NSE:HARIOMPIPE,550.0,563.54999,535.09998,559.5,137708.0,0.7019474694725585,0.397535222351441
500,2024-04-22,NSE:HARIOMPIPE,574.70001,574.70001,560.0,564.95001,41693.0,0.9740857908847221,0.7019474694725585
501,2024-04-23,NSE:HARIOMPIPE,575.0,640.45001,560.04999,614.65002,568218.0,8.797240308040708,0.9740857908847221
502,2024-04-24,NSE:HARIOMPIPE,620.0,629.0,605.0,609.45001,137191.0,-0.8460115237611185,8.797240308040708
503,2024-04-25,NSE:HARIOMPIPE,609.45001,629.34998,607.15002,614.59998,91233.0,0.8450192658131123,-0.8460115237611185
504,2024-04-26,NSE:HARIOMPIPE,613.0,614.75,591.04999,594.79999,70562.0,-3.221606027387111,0.8450192658131123
505,2024-04-29,NSE:HARIOMPIPE,601.0,614.0,580.0,585.04999,56762.0,-1.6392064835105327,-3.221606027387111
506,2024-04-30,NSE:HARIOMPIPE,585.04999,600.0,580.04999,592.84998,63681.0,1.3332176964911973,-1.6392064835105327
507,2024-05-02,NSE:HARIOMPIPE,592.84998,599.84998,582.34998,587.45001,32350.0,-0.9108493180686181,1.3332176964911973
508,2024-05-03,NSE:HARIOMPIPE,583.0,588.45001,561.04999,568.34998,79125.0,-3.251345591091242,-0.9108493180686181
509,2024-05-06,NSE:HARIOMPIPE,582.09998,582.09998,560.0,565.75,52372.0,-0.4574610876206875,-3.251345591091242
510,2024-05-07,NSE:HARIOMPIPE,569.04999,573.90002,547.29999,553.75,49600.0,-2.1210782147591694,-0.4574610876206875
511,2024-05-08,NSE:HARIOMPIPE,548.20001,577.5,545.54999,573.90002,53227.0,3.6388297968397363,-2.1210782147591694
512,2024-05-09,NSE:HARIOMPIPE,582.5,582.5,541.20001,552.15002,62877.0,-3.78985872835481,3.6388297968397363
513,2024-05-10,NSE:HARIOMPIPE,553.5,563.20001,538.54999,553.09998,87838.0,0.17204744464193247,-3.78985872835481
514,2024-05-13,NSE:HARIOMPIPE,555.90002,568.84998,545.09998,558.0,56713.0,0.8859193956217537,0.17204744464193247
515,2024-05-14,NSE:HARIOMPIPE,559.79999,592.0,558.04999,585.84998,100604.0,4.9910358422939,0.8859193956217537
516,2024-05-15,NSE:HARIOMPIPE,596.45001,640.70001,595.0,628.45001,557635.0,7.27149124422605,4.9910358422939
517,2024-05-16,NSE:HARIOMPIPE,631.15002,640.70001,610.09998,617.04999,108673.0,-1.8139899464716436,7.27149124422605
518,2024-05-17,NSE:HARIOMPIPE,617.70001,632.29999,617.70001,623.04999,92194.0,0.9723685434303306,-1.8139899464716436
519,2024-05-18,NSE:HARIOMPIPE,604.79999,615.29999,591.90002,605.70001,82287.0,-2.784685061948233,0.9723685434303306
520,2024-05-21,NSE:HARIOMPIPE,601.79999,609.0,568.0,570.84998,177307.0,-5.753678293649039,-2.784685061948233
521,2024-05-22,NSE:HARIOMPIPE,570.0,580.95001,566.90002,579.15002,99334.0,1.453979204834181,-5.753678293649039
522,2024-05-23,NSE:HARIOMPIPE,580.25,590.45001,575.0,577.45001,75537.0,-0.293535343398593,1.453979204834181
523,2024-05-24,NSE:HARIOMPIPE,574.04999,580.15002,568.04999,572.15002,51244.0,-0.9178266357636706,-0.293535343398593
524,2024-05-27,NSE:HARIOMPIPE,579.0,584.0,568.0,572.79999,88407.0,0.11360132435194868,-0.9178266357636706
525,2024-05-28,NSE:HARIOMPIPE,576.0,578.75,565.0,568.20001,33617.0,-0.8030691480982671,0.11360132435194868
526,2024-05-29,NSE:HARIOMPIPE,562.0,567.70001,551.09998,552.5,74752.0,-2.763113291743874,-0.8030691480982671
527,2024-05-30,NSE:HARIOMPIPE,552.5,564.95001,538.0,540.95001,53579.0,-2.0904959276018062,-2.763113291743874
528,2024-05-31,NSE:HARIOMPIPE,549.79999,549.79999,528.5,531.04999,55379.0,-1.830117352248508,-2.0904959276018062
529,2024-06-03,NSE:HARIOMPIPE,540.34998,579.95001,540.20001,567.09998,170145.0,6.788436244956898,-1.830117352248508
530,2024-06-04,NSE:HARIOMPIPE,570.0,570.25,505.0,524.90002,156365.0,-7.441361574373522,6.788436244956898
531,2024-06-05,NSE:HARIOMPIPE,532.75,558.90002,524.25,556.90002,59742.0,6.096399081867057,-7.441361574373522
532,2024-06-06,NSE:HARIOMPIPE,567.0,581.0,558.04999,566.45001,80640.0,1.7148482056078898,6.096399081867057
533,2024-06-07,NSE:HARIOMPIPE,566.45001,583.95001,566.45001,572.84998,187756.0,1.1298384477034327,1.7148482056078898
534,2024-06-10,NSE:HARIOMPIPE,584.0,585.0,571.65002,573.79999,85798.0,0.1658392307179657,1.1298384477034327
535,2024-06-11,NSE:HARIOMPIPE,573.84998,578.45001,570.20001,572.29999,37931.0,-0.2614151317778866,0.1658392307179657
536,2024-06-12,NSE:HARIOMPIPE,569.0,581.95001,566.04999,571.0,42612.0,-0.22715184740785682,-0.2614151317778866
537,2024-06-13,NSE:HARIOMPIPE,573.90002,582.40002,568.15002,571.95001,62187.0,0.166376532399303,-0.22715184740785682
538,2024-06-14,NSE:HARIOMPIPE,573.09998,577.20001,570.70001,573.79999,38359.0,0.32345134498729344,0.166376532399303
539,2024-06-18,NSE:HARIOMPIPE,574.0,585.0,568.0,569.59998,71658.0,-0.7319641117456311,0.32345134498729344
540,2024-06-19,NSE:HARIOMPIPE,572.0,579.0,562.04999,569.90002,59869.0,0.05267556364733035,-0.7319641117456311
541,2024-06-20,NSE:HARIOMPIPE,575.59998,578.90002,569.0,571.20001,45856.0,0.22810843207199388,0.05267556364733035
542,2024-06-21,NSE:HARIOMPIPE,571.20001,615.0,570.0,595.45001,360809.0,4.245448104946636,0.22810843207199388
543,2024-06-24,NSE:HARIOMPIPE,593.04999,609.70001,587.75,599.79999,98634.0,0.7305365567127893,4.245448104946636
544,2024-06-25,NSE:HARIOMPIPE,601.84998,608.0,582.0,584.40002,75355.0,-2.5675175486414963,0.7305365567127893
545,2024-06-26,NSE:HARIOMPIPE,588.90002,608.04999,580.54999,593.29999,68686.0,1.5229243147527507,-2.5675175486414963
546,2024-06-27,NSE:HARIOMPIPE,604.0,608.0,585.04999,590.04999,106789.0,-0.5477835925802055,1.5229243147527507
547,2024-06-28,NSE:HARIOMPIPE,603.95001,603.95001,584.54999,588.59998,43273.0,-0.24574358521724918,-0.5477835925802055
548,2024-07-01,NSE:HARIOMPIPE,597.45001,597.45001,580.09998,587.90002,71531.0,-0.11891947396938735,-0.24574358521724918
549,2024-07-02,NSE:HARIOMPIPE,586.0,595.40002,586.0,587.79999,53563.0,-0.01701479785628527,-0.11891947396938735
550,2024-07-03,NSE:HARIOMPIPE,591.20001,601.95001,584.5,596.45001,77631.0,1.4715924033955905,-0.01701479785628527
551,2024-07-04,NSE:HARIOMPIPE,602.95001,605.45001,590.0,593.25,46324.0,-0.5365093379745304,1.4715924033955905
552,2024-07-05,NSE:HARIOMPIPE,594.0,596.75,581.54999,586.84998,57572.0,-1.0788065739570232,-0.5365093379745304
553,2024-07-08,NSE:HARIOMPIPE,589.45001,599.95001,567.34998,572.04999,115386.0,-2.521937548672998,-1.0788065739570232
554,2024-07-09,NSE:HARIOMPIPE,578.0,589.0,573.0,585.84998,73676.0,2.412374834583946,-2.521937548672998
555,2024-07-10,NSE:HARIOMPIPE,594.65002,594.65002,572.0,584.34998,67294.0,-0.25603824378384377,2.412374834583946
556,2024-07-11,NSE:HARIOMPIPE,586.0,624.5,581.84998,612.90002,395649.0,4.885777526680172,-0.25603824378384377
557,2024-07-12,NSE:HARIOMPIPE,620.15002,639.15002,617.0,625.0,215283.0,1.9742175893549423,4.885777526680172
558,2024-07-15,NSE:HARIOMPIPE,626.65002,742.70001,607.75,696.0,1218774.0,11.360000000000001,1.9742175893549423
559,2024-07-16,NSE:HARIOMPIPE,703.70001,729.79999,679.09998,705.20001,735437.0,1.321840517241382,11.360000000000001
560,2024-07-18,NSE:HARIOMPIPE,700.90002,704.59998,676.20001,683.09998,135886.0,-3.1338669436490876,1.321840517241382
561,2024-07-19,NSE:HARIOMPIPE,679.15002,679.15002,660.04999,664.45001,121689.0,-2.7301962444794596,-3.1338669436490876
562,2024-07-22,NSE:HARIOMPIPE,656.34998,705.95001,649.59998,688.54999,123712.0,3.6270569098192893,-2.7301962444794596
563,2024-07-23,NSE:HARIOMPIPE,682.95001,688.79999,645.40002,680.25,123724.0,-1.2054302694855867,3.6270569098192893
564,2024-07-24,NSE:HARIOMPIPE,675.0,714.34998,675.0,688.0,182037.0,1.139287026828372,-1.2054302694855867
565,2024-07-25,NSE:HARIOMPIPE,680.0,730.29999,676.54999,689.59998,255802.0,0.23255523255813365,1.139287026828372
566,2024-07-26,NSE:HARIOMPIPE,693.5,732.0,690.04999,705.75,262843.0,2.3419403231421265,0.23255523255813365
567,2024-07-29,NSE:HARIOMPIPE,702.04999,746.95001,698.54999,712.09998,337688.0,0.8997492029755522,2.3419403231421265
568,2024-07-30,NSE:HARIOMPIPE,718.0,736.0,710.0,717.59998,151213.0,0.7723634537947888,0.8997492029755522
569,2024-07-31,NSE:HARIOMPIPE,718.79999,720.0,685.0,687.95001,97362.0,-4.1318242511656615,0.7723634537947888
570,2024-08-01,NSE:HARIOMPIPE,690.95001,708.90002,681.0,691.45001,79782.0,0.5087578965221615,-4.1318242511656615
571,2024-08-02,NSE:HARIOMPIPE,690.0,700.0,674.09998,690.29999,70119.0,-0.16632004965912725,0.5087578965221615
572,2024-08-05,NSE:HARIOMPIPE,646.0,679.25,644.0,657.65002,201619.0,-4.729823333765359,-0.16632004965912725
573,2024-08-06,NSE:HARIOMPIPE,650.0,676.20001,633.45001,637.5,189937.0,-3.0639427335530285,-4.729823333765359
574,2024-08-07,NSE:HARIOMPIPE,649.70001,668.95001,635.04999,653.90002,55004.0,2.5725521568627516,-3.0639427335530285
575,2024-08-08,NSE:HARIOMPIPE,659.59998,675.75,642.0,651.90002,105850.0,-0.3058571553492229,2.5725521568627516
576,2024-08-09,NSE:HARIOMPIPE,669.0,675.0,640.29999,649.84998,227406.0,-0.3144715350676137,-0.3058571553492229
577,2024-08-12,NSE:HARIOMPIPE,640.0,745.0,640.0,732.15002,664136.0,12.664467574500824,-0.3144715350676137
578,2024-08-13,NSE:HARIOMPIPE,736.0,770.0,686.95001,692.90002,418896.0,-5.360923161621986,12.664467574500824
579,2024-08-14,NSE:HARIOMPIPE,694.34998,698.70001,672.75,678.84998,183876.0,-2.0277153405191246,-5.360923161621986
580,2024-08-16,NSE:HARIOMPIPE,689.0,724.84998,686.04999,712.70001,259145.0,4.986378581023168,-2.0277153405191246
581,2024-08-19,NSE:HARIOMPIPE,719.95001,724.0,704.70001,713.15002,127472.0,0.06314157340898877,4.986378581023168
582,2024-08-20,NSE:HARIOMPIPE,715.0,715.15002,695.0,704.79999,65485.0,-1.1708658439075779,0.06314157340898877
583,2024-08-21,NSE:HARIOMPIPE,711.84998,788.34998,693.15002,774.5,740480.0,9.889331865626165,-1.1708658439075779
584,2024-08-22,NSE:HARIOMPIPE,795.0,820.0,791.25,814.40002,773475.0,5.151713363460302,9.889331865626165
585,2024-08-23,NSE:HARIOMPIPE,816.70001,834.40002,809.90002,820.15002,315235.0,0.7060412400284567,5.151713363460302
586,2024-08-26,NSE:HARIOMPIPE,833.0,879.0,820.95001,868.70001,522564.0,5.91964748107913,0.7060412400284567
587,2024-08-27,NSE:HARIOMPIPE,865.0,865.0,835.0,845.95001,197057.0,-2.618855731335838,5.91964748107913
588,2024-08-28,NSE:HARIOMPIPE,849.79999,859.0,817.25,823.90002,153942.0,-2.6065358164603576,-2.618855731335838
589,2024-08-29,NSE:HARIOMPIPE,835.45001,888.75,812.34998,822.09998,486031.0,-0.21847796532400626,-2.6065358164603576
590,2024-08-30,NSE:HARIOMPIPE,827.40002,833.70001,812.20001,819.70001,92365.0,-0.29193164558889045,-0.21847796532400626
591,2024-09-02,NSE:HARIOMPIPE,821.70001,836.90002,814.0,826.29999,92596.0,0.8051701743909897,-0.29193164558889045
592,2024-09-03,NSE:HARIOMPIPE,819.0,846.0,816.0,827.25,75073.0,0.11497156135751863,0.8051701743909897
593,2024-09-04,NSE:HARIOMPIPE,814.85,830.95,795.2,799.75,138954.0,-3.324267150196434,0.11497156135751863
594,2024-09-05,NSE:HARIOMPIPE,800.0,849.84998,796.59998,827.20001,184564.0,3.432323851203504,-3.324267150196434
595,2024-09-06,NSE:HARIOMPIPE,832.65002,832.65002,786.95001,793.5,93301.0,-4.0739856857593635,3.432323851203504
596,2024-09-09,NSE:HARIOMPIPE,786.1,811.0,764.15,774.35,107071.0,-2.41335853812224,-4.0739856857593635
597,2024-09-10,NSE:HARIOMPIPE,780.05,795.9,775.05,778.7,51057.0,0.5617614773681181,-2.41335853812224
598,2024-09-11,NSE:HARIOMPIPE,790.4,790.6,766.0,769.75,64410.0,-1.1493514832413054,0.5617614773681181
599,2024-09-12,NSE:HARIOMPIPE,780.0,790.0,763.1,782.8,51964.0,1.6953556349464054,-1.1493514832413054
600,2024-09-13,NSE:HARIOMPIPE,786.75,792.9,770.0,772.15,39308.0,-1.360500766479302,1.6953556349464054
601,2024-09-16,NSE:HARIOMPIPE,785.9,805.0,735.0,738.15,175216.0,-4.403289516285696,-1.360500766479302
602,2024-09-17,NSE:HARIOMPIPE,745.55,748.0,725.55,727.5,71366.0,-1.4427961796382818,-4.403289516285696
603,2024-09-18,NSE:HARIOMPIPE,720.0,750.0,720.0,739.3,97822.0,1.6219931271477601,-1.4427961796382818
604,2024-09-19,NSE:HARIOMPIPE,746.05,749.2,702.05,722.7,136562.0,-2.2453672392803883,1.6219931271477601
605,2024-09-20,NSE:HARIOMPIPE,733.55,772.5,728.05,764.4,245884.0,5.770029057700281,-2.2453672392803883
606,2024-09-23,NSE:HARIOMPIPE,783.95,813.95,774.05,792.25,301550.0,3.6433804290947176,5.770029057700281
607,2024-09-24,NSE:HARIOMPIPE,783.8,787.75,768.0,772.1,80730.0,-2.543389081729249,3.6433804290947176
608,2024-09-25,NSE:HARIOMPIPE,794.0,804.0,739.25,742.9,239323.0,-3.781893537106598,-2.543389081729249
609,2024-09-26,NSE:HARIOMPIPE,741.0,748.2,715.2,727.0,108033.0,-2.1402611387804518,-3.781893537106598
610,2024-09-27,NSE:HARIOMPIPE,727.0,735.45,718.0,722.7,54697.0,-0.5914718019257159,-2.1402611387804518
611,2024-09-30,NSE:HARIOMPIPE,715.6,730.05,711.25,724.2,52056.0,0.20755500207555,-0.5914718019257159
612,2024-10-01,NSE:HARIOMPIPE,725.0,731.2,699.65,712.55,85530.0,-1.6086716376691648,0.20755500207555
613,2024-10-03,NSE:HARIOMPIPE,707.8,733.45,701.1,714.4,74359.0,0.25963090309452286,-1.6086716376691648
614,2024-10-04,NSE:HARIOMPIPE,721.55,728.75,701.3,713.6,55943.0,-0.11198208286673497,0.25963090309452286
615,2024-10-07,NSE:HARIOMPIPE,719.85,732.95,690.0,698.05,82621.0,-2.1790919282511303,-0.11198208286673497
616,2024-10-08,NSE:HARIOMPIPE,690.0,737.0,685.0,731.15,98199.0,4.74178067473677,-2.1790919282511303
617,2024-10-09,NSE:HARIOMPIPE,736.5,740.0,701.1,702.6,129463.0,-3.904807495042051,4.74178067473677
618,2024-10-10,NSE:HARIOMPIPE,703.0,712.0,677.05,681.75,126431.0,-2.96754910333049,-3.904807495042051
619,2024-10-11,NSE:HARIOMPIPE,681.75,695.0,675.0,679.55,85099.0,-0.3226989365603294,-2.96754910333049
620,2024-10-14,NSE:HARIOMPIPE,686.55,694.0,657.0,663.3,112329.0,-2.3912883525862703,-0.3226989365603294
621,2024-10-15,NSE:HARIOMPIPE,672.9,675.0,642.0,647.4,179786.0,-2.3971053821800057,-2.3912883525862703
622,2024-10-16,NSE:HARIOMPIPE,650.0,669.0,631.45,647.65,182541.0,0.03861600247142416,-2.3971053821800057
623,2024-10-17,NSE:HARIOMPIPE,643.6,657.0,632.0,633.3,91894.0,-2.215702925963101,0.03861600247142416
624,2024-10-18,NSE:HARIOMPIPE,640.0,640.0,615.0,617.0,80049.0,-2.573819674719715,-2.215702925963101
625,2024-10-21,NSE:HARIOMPIPE,621.0,628.0,600.0,614.0,81865.0,-0.48622366288492713,-2.573819674719715
626,2024-10-22,NSE:HARIOMPIPE,617.0,620.95,570.0,574.0,274278.0,-6.514657980456026,-0.48622366288492713
627,2024-10-23,NSE:HARIOMPIPE,575.15,620.0,568.2,605.3,192610.0,5.45296167247386,-6.514657980456026
628,2024-10-24,NSE:HARIOMPIPE,609.75,611.85,582.0,586.05,74060.0,-3.1802412027094005,5.45296167247386
629,2024-10-25,NSE:HARIOMPIPE,592.7,592.7,555.1,565.65,128484.0,-3.480931661121061,-3.1802412027094005
630,2024-10-28,NSE:HARIOMPIPE,552.0,584.9,531.3,569.15,176078.0,0.6187571820030054,-3.480931661121061
631,2024-10-29,NSE:HARIOMPIPE,570.5,577.45,565.35,569.85,89359.0,0.1229904243169719,0.6187571820030054
632,2024-10-30,NSE:HARIOMPIPE,570.0,591.55,568.9,583.75,63060.0,2.439238396069137,0.1229904243169719
633,2024-10-31,NSE:HARIOMPIPE,584.0,584.75,569.5,572.65,46866.0,-1.9014989293361924,2.439238396069137
634,2024-11-01,NSE:HARIOMPIPE,581.9,589.95,575.05,580.95,24125.0,1.4494019034314274,-1.9014989293361924
635,2024-11-04,NSE:HARIOMPIPE,586.7,586.7,567.05,570.65,107096.0,-1.772958085893806,1.4494019034314274
636,2024-11-05,NSE:HARIOMPIPE,579.2,605.35,563.35,567.55,161364.0,-0.543240164724441,-1.772958085893806
637,2024-11-06,NSE:HARIOMPIPE,574.75,601.65,568.7,594.65,119222.0,4.774909699585944,-0.543240164724441
638,2024-11-07,NSE:HARIOMPIPE,603.55,647.3,603.55,640.45,431841.0,7.702009585470456,4.774909699585944
639,2024-11-08,NSE:HARIOMPIPE,641.0,669.9,615.0,631.85,262057.0,-1.342805839644004,7.702009585470456
640,2024-11-11,NSE:HARIOMPIPE,621.0,621.0,590.0,599.05,152740.0,-5.1911054838965045,-1.342805839644004
641,2024-11-12,NSE:HARIOMPIPE,599.05,608.45,585.2,590.0,76160.0,-1.510725315082206,-5.1911054838965045
642,2024-11-13,NSE:HARIOMPIPE,589.5,591.4,552.5,560.15,147391.0,-5.059322033898309,-1.510725315082206
643,2024-11-14,NSE:HARIOMPIPE,562.0,576.95,555.05,570.3,80302.0,1.8120146389359955,-5.059322033898309
644,2024-11-18,NSE:HARIOMPIPE,571.0,575.85,548.55,562.25,68321.0,-1.4115377871295731,1.8120146389359955
645,2024-11-19,NSE:HARIOMPIPE,570.2,582.35,561.05,567.25,42276.0,0.8892841262783459,-1.4115377871295731
646,2024-11-21,NSE:HARIOMPIPE,568.95,571.95,557.0,563.9,53426.0,-0.5905685323931287,0.8892841262783459
647,2024-11-22,NSE:HARIOMPIPE,562.5,576.7,562.5,570.25,45598.0,1.126086185493886,-0.5905685323931287
648,2024-11-25,NSE:HARIOMPIPE,583.95,586.95,566.0,567.45,54188.0,-0.49101271372204375,1.126086185493886
649,2024-11-26,NSE:HARIOMPIPE,569.05,578.35,563.45,569.7,60984.0,0.3965107057890563,-0.49101271372204375
650,2024-11-27,NSE:HARIOMPIPE,574.45,574.45,567.5,569.9,62802.0,0.03510619624362503,0.3965107057890563
651,2024-11-28,NSE:HARIOMPIPE,572.15,594.85,572.15,582.4,91580.0,2.1933672574135814,0.03510619624362503
652,2024-11-29,NSE:HARIOMPIPE,581.2,584.85,572.5,579.9,46144.0,-0.4292582417582418,2.1933672574135814
653,2024-12-02,NSE:HARIOMPIPE,585.7,585.7,568.0,572.5,68119.0,-1.276082083117775,-0.4292582417582418
654,2024-12-03,NSE:HARIOMPIPE,572.5,590.0,560.0,565.25,116039.0,-1.2663755458515285,-1.276082083117775
655,2024-12-04,NSE:HARIOMPIPE,572.8,572.8,556.25,560.6,105592.0,-0.8226448474126452,-1.2663755458515285
656,2024-12-05,NSE:HARIOMPIPE,565.35,570.0,561.0,568.8,74547.0,1.4627185158758351,-0.8226448474126452
657,2024-12-06,NSE:HARIOMPIPE,575.0,579.8,557.6,565.3,190638.0,-0.6153305203938116,1.4627185158758351
658,2024-12-09,NSE:HARIOMPIPE,565.0,584.5,565.0,572.6,107236.0,1.291349725809317,-0.6153305203938116
659,2024-12-10,NSE:HARIOMPIPE,572.95,584.8,572.95,578.75,63551.0,1.0740482011875614,1.291349725809317
660,2024-12-11,NSE:HARIOMPIPE,578.0,592.0,567.0,571.5,75299.0,-1.2526997840172787,1.0740482011875614
661,2024-12-12,NSE:HARIOMPIPE,576.0,578.9,563.0,564.6,93710.0,-1.2073490813648253,-1.2526997840172787
662,2024-12-13,NSE:HARIOMPIPE,573.05,573.05,556.0,563.25,68837.0,-0.23910733262487116,-1.2073490813648253
663,2024-12-16,NSE:HARIOMPIPE,560.1,579.8,560.1,576.45,69035.0,2.3435419440745755,-0.23910733262487116
664,2024-12-17,NSE:HARIOMPIPE,583.25,587.0,569.1,572.6,90744.0,-0.6678809957498522,2.3435419440745755
665,2024-12-18,NSE:HARIOMPIPE,572.65,577.25,560.0,565.2,70014.0,-1.2923506811037333,-0.6678809957498522
666,2024-12-19,NSE:HARIOMPIPE,555.0,562.9,547.05,551.3,88779.0,-2.459306440198176,-1.2923506811037333
667,2024-12-20,NSE:HARIOMPIPE,556.8,557.85,525.0,528.4,91465.0,-4.153818247777975,-2.459306440198176
668,2024-12-23,NSE:HARIOMPIPE,531.8,539.45,510.0,515.3,99724.0,-2.4791824375473173,-4.153818247777975
669,2024-12-24,NSE:HARIOMPIPE,519.75,532.5,513.55,520.85,60255.0,1.077042499514859,-2.4791824375473173
670,2024-12-26,NSE:HARIOMPIPE,515.0,521.3,500.0,502.55,112644.0,-3.5134875683978133,1.077042499514859
671,2024-12-27,NSE:HARIOMPIPE,510.1,512.15,504.0,507.4,41942.0,0.9650781016814179,-3.5134875683978133
672,2024-12-30,NSE:HARIOMPIPE,510.0,511.0,500.0,501.8,64437.0,-1.1036657469452043,0.9650781016814179
673,2024-12-31,NSE:HARIOMPIPE,505.7,506.8,493.25,498.95,74465.0,-0.5679553607014792,-1.1036657469452043
674,2025-01-01,NSE:HARIOMPIPE,493.5,509.95,493.5,505.7,71018.0,1.3528409660286602,-0.5679553607014792
675,2025-01-02,NSE:HARIOMPIPE,510.0,512.0,496.95,499.8,102128.0,-1.1666996242831673,1.3528409660286602
676,2025-01-03,NSE:HARIOMPIPE,497.0,506.0,490.05,495.55,126571.0,-0.8503401360544217,-1.1666996242831673
